key,text,english,notes,checked 
version,6.01,6.01,5.11,
pdf_title,"ประวัติศาสตร์ของมนุษย์ 6,000 ปีถูกมองเห็น",6000 years human history visualized,2025-12-20,FALSE
pdf_subject,เส้นเวลาของมนุษยชาติ,Timeline of humankind,,FALSE
BCE,ก่อนคริสตศักราช,B.C.E.,appendix B9,FALSE
CE,ส.ศ.,C.E.,,FALSE
year,ปี,year,"timespan, age (Adam was 130 years old when Shem was born)",FALSE
years,ปี,years,,FALSE
years_age,ปี,years,"years when used as age for a person (different word than years in some languages), like he is 23 years old",FALSE
age_kings,,,"if the word ""year"" appears after the numeral, like ""at the age of 35 years""",FALSE
month,เดือน,month,,FALSE
months,เดือน,months,,FALSE
day,วัน,day,,FALSE
days,วัน,days,,FALSE
to,ถึง,to,,FALSE
people,ประชากร,people,,FALSE
judges,ผู้พิพากษา,judges,,FALSE
prophets,ศาสดาพยากรณ์,prophets,,FALSE
kings,กษัตริย์,kings,,FALSE
periods,ระยะเวลา,periods,,FALSE
events,เหตุการณ์ต่างๆ,events,,FALSE
objects,วัตถุหรือรายการ,objects or items,,FALSE
Deluge,น้ำท่วม,Deluge,,FALSE
Adam,อดัม,Adam,Luke 3:38,FALSE
Seth,เซธ,Seth,,FALSE
Enosh,เอโนช,Enosh,,FALSE
Kenan,คีนัน,Kenan,Genesis 5:12,FALSE
Mahalalel,มาฮาลาเลล,Mahalalel,Ma·hala·lel,FALSE
Jared,จาเร็ด,Jared,,FALSE
Enoch,เอโนค,Enoch,,FALSE
Methuselah,เมธูเสลาห์,Methuselah,Luke 3:37,FALSE
Lamech,ลาเมช,Lamech,,FALSE
Noah,โนอาห์,Noah,,FALSE
Shem,เชม,Shem,,FALSE
Arpachshad,อาปาชชาด,Arpachshad,Luke 3:36,FALSE
Shelah,เชลาห์,Shelah,,FALSE
Eber,เอเบอร์,Eber,,FALSE
Peleg,เปเลก,Peleg,,FALSE
Reu,รอย,Reu,,FALSE
Serug,เซรุก,Serug,Luke 3:35,FALSE
Nahor,นาฮอร์,Nahor,Genesis 11:24,FALSE
Terah,เทราห์,Terah,,FALSE
Abraham,อับราฮัม,Abraham,,FALSE
Isaac,ไอแซค,Isaac,,FALSE
Jacob,ยาโคบ,Jacob,Luke 3:34,FALSE
Joseph,โจเซฟ,Joseph,Genesis 37,FALSE
Moses,โมเสส,Moses,,FALSE
Othniel,โอธเนียล,Othniel,Judges 3:9-11,FALSE
Ehud,เอฮุด,Ehud,Judges 3:15-18,FALSE
Shamgar,แชมการ์,Shamgar,Judges 3:31,FALSE
Barak,บารัค,"Barak, Deborah, Jael",Judges 4:6,FALSE
Gideon,กิเดี้ยน,Gideon,Judges 7:1,FALSE
Tola,โตลา,Tola,Judges 10:1,FALSE
Jair,จาร์,Jair,Judges 10:3,FALSE
Jephthah,เจฟธาห์,Jephthah,Judges 11:1,FALSE
Ibzan,อิบซาน,Ibzan,Judges 12:8,FALSE
Elon,อีลอน,Elon,Judges 12:11,FALSE
Abdon,อับดอน,Abdon,Judges 12:13,FALSE
Samson,แซมสัน,Samson,Judges 13:24,FALSE
Samuel,ซามูเอล,Samuel,1 Samuel 1:20,FALSE
Saul,ซาอูล,Saul,1 Samuel 9:2,FALSE
David,เดวิด,David,1 Samuel 16:13,FALSE
Solomon,โซโลมอน,Solomon,1 Kings 2:1,FALSE
Rehoboam,เรโหโบอัม,Rehoboam,first king of southern kingdom of Juda,FALSE
Abijah,อาบียาห์ (อาบีญาม),Abijah (Abijam),"3 years, also Abijam",FALSE
Asa,อาสา,Asa,A6-A,FALSE
Jehoshaphat,เยโฮชาฟัท,Jehoshaphat,,FALSE
Jehoram2,เยโฮรัม,Jehoram,,FALSE
Ahaziah,อาหัสยาห์,Ahaziah,,FALSE
Athaliah,ราชินีอาธาลิยาห์,Queen Athaliah,Queen Athaliah,FALSE
Jehoash,เยโฮอาช,Jehoash,,FALSE
Amaziah,อามาซิยาห์,Amaziah,,FALSE
Uzziah,อุสซียาห์ (อาซาริยาห์),Uzziah (Azariah),also Azariah,FALSE
Jotham,โจแธม,Jotham,A6-B,FALSE
Ahaz,อาหัส,Ahaz,,FALSE
Hezekiah,เฮเซคียาห์,Hezekiah,,FALSE
Manasseh,มนัสเสห์,Manasseh,,FALSE
Amon,อมร,Amon,,FALSE
Josiah,โจสิยาห์,Josiah,,FALSE
Jehoahaz,เยโฮอาฮาส,Jehoahaz,Only 3 months,FALSE
Jehoiakim,เยโฮยาคิม,Jehoiakim,,FALSE
Jehoiachin,เยโฮยาชิน,Jehoiachin,Only 3 months 10 days,FALSE
Zedekiah,เศเดคียาห์,Zedekiah,,FALSE
Jeroboam,เยโรโบอัม,Jeroboam,first king of northern 10-tribe kingdom,FALSE
Nadab,นาดับ,Nadab,less than 2,FALSE
Baasha,บาอาชา,Baasha,,FALSE
Elah,เอลา,Elah,,FALSE
Zimri,ซิมรี,Zimri,Only 7 days in ca. 751 BCE,FALSE
OmriTibni,อมรีและทิบนีอยู่ด้วยกัน,Omri and Tibni together,4 years Omri and Tibni,FALSE
Omri,โอมริ (คนเดียว),Omri (alone),from 947 Omri alone,FALSE
Ahab,อาหับ,Ahab,,FALSE
Jehoram,เยโฮรัม,Jehoram,,FALSE
Jehu,เยฮู,Jehu,,FALSE
Jeoahaz,เจโออาฮาส,Jeoahaz,,FALSE
JeoahazJehoash,เยโฮอาหาสและเยโฮอาช,Jeoahaz and Jehoash,For 3 years Jeoahaz and Jeoash reigned together,FALSE
Jehoash2,เยโฮอาช (คนเดียว),Jehoash (alone),Jehoash (alone),FALSE
Jeroboam2,เยโรโบอัมที่ 2,Jeroboam II,,FALSE
Zechariah,เศคาริยาห์,Zechariah,"reign only recorded 6 months, probably only established 792 BCE",FALSE
Schallum,ชัลลัม,Schallum,only one month,FALSE
Menahem,เมนาเฮม,Menahem,,FALSE
Pekahiah,เปคาหิอาห์,Pekahiah,,FALSE
Pekah,เปคาห์,Pekah,,FALSE
Hoshea,โฮเชีย,Hoshea,9 years from c. 748,FALSE
Elijah,เอลียาห์,Elijah,,FALSE
Elisha,เอลีชา,Elisha,,FALSE
Jonah,โยนาห์,Jonah,,FALSE
Amos,อามอส,Amos,,FALSE
Joel,โจเอล,Joel,,FALSE
Hosea,โฮเชยา,Hosea,,FALSE
Isaiah,อิสยาห์,Isaiah,,FALSE
Micah,ไมก้า,Micah,,FALSE
Zephaniah,เซฟาเนีย,Zephaniah,,FALSE
Nahum,นาฮูม,Nahum,,FALSE
Jeremiah,เยเรมีย์,Jeremiah,,FALSE
Habakuk,ฮาบากุก,Habakuk,,FALSE
Daniel,แดเนียล,Daniel,,FALSE
Ezekiel,เอเสเคียล,Ezekiel,,FALSE
Obadiah,โอบาดีห์,Obadiah,,FALSE
Malachi,มาลาคี,Malachi,,FALSE
Ruth,รูธ,Ruth,,FALSE
Ezra,เอซรา,Ezra,,FALSE
Nehemiah,เนหะมีย์,Nehemiah,,FALSE
Esther,เอสเธอร์,Esther,,FALSE
Job,งาน,Job,,FALSE
moses2,1593 ถึง 1473 ก่อน ส.ศ. – 120 ปี,1593 to 1473 B.C.E. – 120 years,,FALSE
moses3,โมเสส,Moses,,FALSE
wilderness,อิสราเอลในถิ่นทุรกันดาร 1513 ถึง 1473 ก่อน ส.ศ. – 40 ปี,Israel in the wilderness 1513 to 1473 B.C.E. – 40 years,,FALSE
timespan_judges,1473 ถึง 1117 ก่อน ส.ศ. – 356 ปี,1473 to 1117 B.C.E. – 356 years,,FALSE
timespan_judges2,เวลาของผู้พิพากษา,Time of the judges,,FALSE
temple1,ไนซาน 1513 ก่อน ส.ศ. ถึง Ziv 1034 ก่อนคริสตศักราช,Nisan 1513 B.C.E. to Ziv 1034 B.C.E.,,FALSE
temple2,479 ปีถึงการก่อสร้างพระวิหาร – 1 พงศ์กษัตริย์ 6:1,479 years until the temple construction – 1 Kings 6:1,1034 BCE,FALSE
69weeks,พระ​เยซู​ทรง​ให้​บัพติศมา​ใน​ฤดู​ใบ​ไม้​ร่วง ส.ศ. 29,Jesus baptized autumn 29 C.E.,,FALSE
69weeks2,69 สัปดาห์ถึงพระเมสสิยาห์ - ดาเนียล 9:25,69 weeks to the Messiah – Daniel 9:25,,FALSE
jesus_service,รับใช้พระเยซู 3.5 ปี ถูกประหารในวันที่ 14 ไนซาน ส.ศ. 33,"3.5 years of Jesus service, executed Nisan 14th, 33 C.E.",,FALSE
jesus_life,พระเยซูประสูติ 2 ก่อน ส.ศ.,Jesus born 2 B.C.E.,,FALSE
exile,607 ถึง 537 คริสตศักราช – 70 ปี (เยเรมีย์ 25:11),607 to 537 B.C.E. – 70 years (Jeremiah 25:11),,FALSE
exile2,เนรเทศ,exile,,FALSE
7times,วิวรณ์ 12:9,Revelation 12:9,,FALSE
7times2,7 ครั้ง – 2520 ปีถึงอาณาจักรเมสสิยาห์ ส.ศ. 1914 (ดาเนียล 4:23),7 times – 2520 years to the Messianic Kingdom 1914 C.E. (Daniel 4:23),,FALSE
ww1,สงครามโลกครั้งที่หนึ่ง – ค.ศ. 1914–1918,World War I – 1914–1918 C.E.,,FALSE
ww2,สงครามโลกครั้งที่สอง – ค.ศ. 1939–1945,World War II – 1939–1945 C.E.,,FALSE
30_year_war,สงครามสามสิบปีในยุโรป ค.ศ. 1618-1648,Thirty Years' War in Europe 1618-1648,,FALSE
joshua,110 ปี,110 years,,FALSE
joshua2,โจชัว,Joshua,,FALSE
caleb,กว่า 85 ปี,more than 85 years,,FALSE
caleb2,คาเลบ,Caleb,,FALSE
missionary1,การเดินทางเผยแผ่ศาสนาครั้งแรกของเปาโล ประมาณปี ค.ศ. ส.ศ. 47-48 กับบารนาบัสและยอห์น มาระโก,"First Missionary Journey of Paul, c. 47-48 C.E. with Barnabas and John Mark",,FALSE
circumcision,ประเด็นเรื่องการเข้าสุหนัตที่เมืองอันทิโอก การประชุมใหญ่ในกรุงเยรูซาเล็ม ประมาณ ค.ศ. ส.ศ. 49,"Circumcision issue at Antioch, conference in Jerusalem c. 49 C.E.",,FALSE
missionary2,การเดินทางเผยแผ่ศาสนาครั้งที่สองค. ส.ศ. 49-52 กับสิลาส (ซิลวานัส),Second Missionary Journey c. 49-52 C.E with Silas (Silvanus),,FALSE
missionary3,การเดินทางเผยแผ่ศาสนาครั้งที่สาม ค. ส.ศ. 52-56,Third Missionary Journey c. 52-56 C.E.,,FALSE
caesarea,เปาโลถูกควบคุมตัวในเมืองซีซาเรียราวๆ ปี ค. ส.ศ. 56-58,Paul in custody in Caesarea c. 56-58 C.E.,,FALSE
rome1,การจำคุกครั้งแรกของเปาโลในกรุงโรมประมาณค.ศ. ส.ศ. 59-61,Paul’s first imprisonment in Rome c. 59-61 C.E.,,FALSE
rome2,"การจำคุกครั้งที่สองของเปาโลในกรุงโรมค. 65 CE, 2 ทิโมธีเขียน, เปาโลถูกประหารชีวิต","Paul’s second imprisonment in Rome c. 65 C.E., 2 Timothy written, Paul executed",,FALSE
Julius,จูเลียส,Julius,,FALSE
Augustus,ออกัสตัส,Augustus,Luke 2:1,FALSE
Tiberius,ทิเบเรียส,Tiberius,Luke 3:1,FALSE
Caligula,คาลิกูลา,Caligula,,FALSE
Claudius,คลอดิอุส,Claudius,Acts 11:28,FALSE
Nero,เนโร,Nero,,FALSE
Galba-Otho-Vitellius,กัลบา โอโท และวิเทลลิอุส (ปีที่สี่จักรพรรดิ),"Galba, Otho and Vitellius (Year of the Four Emperors)",,FALSE
Vespasian,เวสป้าเซียน,Vespasian,,FALSE
event_exodus,อพยพออกจากอียิปต์ในวันที่ 14 ไนซาน 1513 ก่อน ส.ศ.,"Exodus from Egypt on Nisan 14th, 1513 B.C.E.",,FALSE
event_division_kingdom,กองอิสราเอล 997 ปีก่อนคริสตศักราช,Division of Israel 997 BCE,,FALSE
event_destruction_samaria,ความพินาศของสะมาเรีย 740 ก่อนคริสตศักราช โดยอัสซีเรีย,Destruction of Samaria 740 B.C.E. by Assyria,Destruction of Samaria 740 B.C.E. by Assyria,FALSE
event_destruction_samaria2,740 ก่อน ส.ศ. โดยอัสซีเรีย,740 B.C.E. by Assyria,was shortened here for 2 lines,FALSE
event_destruction_jerusalem1,การ​ทำลาย​กรุง​เยรูซาเลม 607 ก่อน ส.ศ. โดยบาบิโลน 390 ปีหลังจากการแบ่งอาณาจักร (เอเสเคียล 4:5),"Destruction of Jerusalem 607 B.C.E. by Babylon, 390 years after the division of the kingdom (Ezekiel 4:5)",,FALSE
event_temple_rebuilt,วิหารในกรุงเยรูซาเลมสร้างขึ้นใหม่เมื่อ 515 ก่อนคริสตศักราช,Temple in Jerusalem rebuilt 515 B.C.E.,,FALSE
event_jerusalem_rebuilt,กำแพงกรุงเยรูซาเลมสร้างขึ้นใหม่เมื่อ 455 ก่อนคริสตศักราช,Jerusalem wall rebuilt 455 B.C.E.,,FALSE
event_destruction_jerusalem2,การทำลายกรุงเยรูซาเลมในปี ส.ศ. 70 โดยโรมภายใต้การนำของติตัส,Destruction of Jerusalem 70 C.E. by Rome under Titus,,FALSE
event_1914,สิ้นสุดสมัยของนานาชาติ (ลูกา 21:24) อาณาจักรของพระเจ้าเริ่มปกครองในสวรรค์ปี ส.ศ. 1914,"End of the time of the nations (Luke 21:24), God’s Kingdom starts to rule in heaven 1914 C.E.",include scripture Luke 21:24,FALSE
became_king,ขึ้นเป็นกษัตริย์เมื่ออายุมากขึ้น,becomes king at age,2025-04-14,FALSE
vulgate,ภูมิฐานเสร็จสมบูรณ์โดยเจอโรม (พระคัมภีร์แปลภาษาละติน) ค. ส.ศ. 405,Vulgate completed by Jerome (Latin translation of the bible) c. 405 C.E.,,FALSE
gutenberg,พระคัมภีร์กูเทนแบร์กพิมพ์ปี 1455,Gutenberg bible printed 1455,,FALSE
erasmus,ข้อความภาษากรีกของพระคัมภีร์คริสเตียนภาคภาษากรีก จัดพิมพ์โดย Desiderius Erasmus แห่งเมืองรอตเตอร์ดัม ปี 1516,Greek text of Christian Greek Scriptures published by Desiderius Erasmus of Rotterdam 1516,,FALSE
luther,การแปลพระคัมภีร์ลูเทอร์ในเดือนกันยายน ค.ศ. 1522,Luther Bible translation in September 1522,,FALSE
tyndale,แปลพระคัมภีร์ภาษาอังกฤษโดย Tyndale 1536,English Bible translation by Tyndale 1536,,FALSE
king_james,คิงเจมส์ไบเบิล 1611,King James Bible 1611,,FALSE
69weeks3,"พระเยซูทรงเริ่มรับใช้พระองค์ ส.ศ. 29 (ลูกา 3:1, 21)","Jesus starts his service 29 CE (Luke 3:1, 21)",,FALSE
ransom,กลางสัปดาห์ “เครื่องบูชาเพื่อยุติ” ดาเนียล 9:27,middle of week “sacrifice to cease” Daniel 9:27,,FALSE
cornelius,โครเนลิอัสรับบัพติศมาเมื่อสิ้นสุดสัปดาห์ที่ 70 (ดาเนียล 9:24) ในปี ส.ศ. 36,Cornelius baptized at the end of 70 weeks (Daniel 9:24) in 36 C.E.,,FALSE
columbus,สิ้นสุดยุคพรีโคลัมเบียนในทวีปอเมริกา ค.ศ. 1492,end of the pre-columbian period in the Americas 1492,,FALSE
declaration_independence,ประกาศอิสรภาพของ 13 อาณานิคมในอเมริกา พ.ศ. 2319,declaration of independence of 13 colonies in America 1776,,FALSE
tischendorf,Tischendorf ค้นพบ Codex Sinaiticus จากศตวรรษที่ 4 ในปี 1844,Tischendorf discovers the Codex Sinaiticus from the 4th century in 1844,,FALSE
dead_sea_scrolls,เขียนม้วนหนังสือทะเลเดดซี,Dead Sea Scrolls written,,FALSE
septuagint,พระคัมภีร์ไบเบิลฉบับ LXX แปลแล้ว,Septuagint LXX translated,,FALSE
watchtower,“หอสังเกตการณ์แห่งซีโอนและผู้ป่าวประกาศการประทับของพระคริสต์” ฉบับแรกจัดพิมพ์ในปี 1879,The first issue of “Zion’s Watch Tower and Herald of Christ’s Presence” is published in 1879,,FALSE
photodrama,“ละครภาพถ่ายแห่งการสร้างสรรค์” เริ่มฉายครั้งแรกในนิวยอร์กเมื่อวันที่ 11 มกราคม 1914,"The “Photo-Drama of Creation” is first shown in New York on January 11, 1914",,FALSE
jehovahs_witnesses,"นักศึกษาพระคัมภีร์ใช้ชื่อใหม่คือ พยานพระยะโฮวา (อิสยาห์ 43:10, 12) ในเมืองโคลัมบัส รัฐโอไฮโอ ปี 1931","The Bible Students adopt a new name – Jehovah’s Witnesses (Isaiah 43:10, 12) in Columbus, Ohio, 1931",include scripture,FALSE
gilead_school,โรงเรียนว็อชเทาเวอร์ไบเบิลแห่งกิเลียดเริ่มเมื่อวันจันทร์ที่ 1 กุมภาพันธ์ 1943,"Watchtower Bible School of Gilead begins on Monday, February 1, 1943",,FALSE
new_world_translation1,“พระคัมภีร์บริสุทธิ์ฉบับแปลโลกใหม่” ที่เมืองแมนเชสเตอร์ ประเทศอังกฤษ เมื่อวันที่ 18 มิถุนายน 1960 ได้มีการนำพระนามยะโฮวาขึ้นใหม่ในหลายส่วนของพระคัมภีร์,"“New World Translation of the Holy Scriptures” released in Manchester, England on June 18, 1960, reintroduces the name Jehovah in many parts of the Bible",hightlight reintroduction of Jehovah’s name,FALSE
truth_book,หนังสือ “ความจริงที่นำไปสู่ชีวิตนิรันดร์” ออกเมื่อปี 1968,The book “The Truth That Leads to Eternal Life” is released 1968,,FALSE
metropolitan,เริ่มประกาศในเมืองใหญ่ในปี 2011,Start of metropolitan witnessing in 2011,,FALSE
jw_org,เริ่ม JW.ORG พร้อมคำแนะนำในพันธกิจเรื่องราชอาณาจักร ธันวาคม 2012,Start of JW.ORG with instructions in kingdom ministry December 2012,,FALSE
new_world_translation2,“พระคัมภีร์บริสุทธิ์ฉบับแปลโลกใหม่” ฉบับปรับปรุงที่ออกในการประชุมประจำปี 2013 ปรับให้เหมาะสมเพื่อใช้ทั้งแบบดิจิทัลและออนไลน์,"Revised “New World Translation of the Holy Scriptures” released at annual meeting 2013, optimized to be used digitally and online",new edition with digital and online in mind,FALSE
jw_broadcasting,เริ่มออกอากาศ jw. ในเดือนตุลาคม 2014,Start of JW Broadcasting® in October 2014,,FALSE
meeting_workbook,การประชุมกลางสัปดาห์รูปแบบใหม่พร้อม “สมุดงานการประชุม” เริ่มตั้งแต่เดือนมกราคม 2559,New format of midweek meeting with “Meeting Workbook” starting January 2016,,FALSE
covid19,โควิด-19,Covid-19,,FALSE
cold_war,สถานการณ์ทางภูมิรัฐศาสตร์ที่เรียกว่า “สงครามเย็น” พ.ศ. 2488-2534,Geopolitical situation labeled “Cold War” 1945-1991,,FALSE
timeline_created,"ไทม์ไลน์นี้สร้างขึ้นในปี 2023 ปีที่ร้อนที่สุดในประวัติศาสตร์ของมนุษย์และรอบ 125,000 ปีที่ผ่านมา","This timeline is created in 2023, the hottest year in human history and the last 125,000 years",,FALSE
codex_sinaiticus,เขียนโคเด็กซ์ ไซไนติคัส,Codex Sinaiticus written,,FALSE
codex_vaticanus,เขียน Codex Vaticanus,Codex Vaticanus written,,FALSE
leningrad_codex,Leningrad Codex เขียนในไคโร AD 1008,Leningrad Codex written in Cairo AD 1008,,FALSE
john,โยฮันเขียน “วิวรณ์” ขณะถูกเนรเทศที่ปัทโมส ส.ศ. 96-98,John writes “revelation” while exiled on Patmos 96-98 C.E.,,FALSE
nicaea1,สภาแห่งแรกของไนเซีย,First Council of Nicaea,,FALSE
buddha,พระพุทธเจ้า – สิทธัตถะโคตม ประมาณ 563-483 ปีก่อนคริสตศักราช,The Buddha – Siddhartha Gautama c.563-c.483 B.C.E,,FALSE
buddha2,พระพุทธเจ้าหรือค. 480-400 ปีก่อนคริสตศักราช,Buddha alternatively c. 480-400 B.C.E.,,FALSE
mohammed,โมฮัมเหม็ดซี. ส.ศ. 570-632,Mohammed c. 570-632 C.E.,,FALSE
confucius,ขงจื๊อ ประมาณคริสตศักราช 551-479 ก่อน ส.ศ.,Confucius c.551-c.479 B.C.E.,,FALSE
hijrah,ฮิจเราะห์ - เดินทางเมกกะสู่เมดินา 16 กรกฎาคม 622,Hijrah - Journey Mecca to Medina 16 July 622,,FALSE
moses_escape,"1553 ก่อน ส.ศ. โมเสสต้องหนีออกจากอียิปต์ - อพยพ 2:15, กิจการ 7:23","1553 B.C.E. Moses has to escape Egypt – Exodus 2:15, Acts 7:23",,FALSE
10plagues,1513 ก่อนคริสตศักราช อียิปต์ได้รับภัยพิบัติ 10 ครั้ง,1513 B.C.E Egypt receives 10 plagues,,FALSE
joseph_sold,โยเซฟขายไปเป็นทาสเมื่ออายุ 17 ปี - ปฐมกาล 37:2,Joseph sold as slave at the age of 17 – Gen 37:2,,FALSE
infliction,ความทุกข์ยาก 400 ปี (กิจการ 7:6) – อิชมาเอล 1913 ก่อนคริสตศักราช,400 year infliction (Acts 7:6) – Ishmael 1913 B.C.E,,FALSE
Alexander,อเล็กซานเดอร์มหาราช (ดาเนียล 11:3),Alexander the Great (Daniel 11:3),,FALSE
persia,"ไซรัสมหาราช, แคมบายเซสที่ 2, ดาริอัสที่ 1 490 ปีก่อนคริสตศักราช, เซอร์ซีสที่ 1 480 ปีก่อนคริสตกาล (สามีของเอสเธอร์ ดาเนียล 11:2)","Cyrus the Great, Cambyses II, Darius I 490 BCE, Xerxes I 480 BCE (husband of Esther, Daniel 11:2)",,FALSE
persia2,เปอร์เซีย,Persia,,FALSE
king_north,"Seleucus I Nicator (v5) ซีเรียถึง Antiochus III (v10) และ Seleucus IV (v18, 19) ลงไปถึง Octavian (v20) และ Tiberius (v21-24)","Seleucus I Nicator (v5) Syria to Antiochus III (v10) and Seleucus IV (v18, 19) down to Octavian (v20) and Tiberius (v21-24)",,FALSE
king_north1,กษัตริย์แห่งทิศเหนือ,King of the North,,FALSE
king_south,"ปโตเลมีที่ 1, II, III, IV (ข้อ 11, 12), V (ข้อ 15, 16) ถึงการรบที่อักทิอุม 31 ก่อนคริสตศักราช","Ptolemy I, II, III, IV (v11, 12), V (v15, 16) to the battle Actium 31 B.C.E.",,FALSE
king_south1,กษัตริย์แห่งแดนใต้,King of the South,,FALSE
king_south2,จักรวรรดิอังกฤษ พ.ศ. 2413 มหาอำนาจแองโกล-อเมริกัน ตั้งแต่ปี พ.ศ. 2457,"British empire 1870, Anglo-American World Power since 1914",,FALSE
king_south3,กษัตริย์แห่งแดนใต้,King of the South,,FALSE
king_north2,"เยอรมนีกับจักรพรรดิวิลเลียมที่ 1 1871 (v28), 1914 (v29), 1935 (v30b), 1939 (v31a)","Germany with Emperor William I 1871 (v28), 1914 (v29), 1935 (v30b), 1939 (v31a)",,FALSE
king_north3,ทิศเหนือ,North,,FALSE
king_north4,"สหภาพโซเวียต พ.ศ. 2488-2534 (ดาเนียล 11:32-39, 40ข, 41)","Soviet Union 1945-1991 (Daniel 11:32-39, 40b, 41)",,FALSE
king_north5,รัสเซียตั้งแต่ปี 2017 (ห 20 พฤษภาคม),Russia since 2017 (w20 May),,FALSE
time_of_end,การปรากฏของพระคริสต์ การสิ้นสุดของระบบ (มัทธิว 24:3) วาระสุดท้าย (2 ทิโมธี 3:1),"Presence of Christ, Conclusion of the system of things (Matthew 24:3), the last days (2 Timothy 3:1)",scriptures written out,FALSE
time_of_end2,วันสุดท้าย,Last days,,FALSE
suryavaman2,พระเจ้าสุริยวรมันที่ 2 ทรงสร้างนครวัด 1113-1150,King Suryavarman II builds Angkor Wat 1113-1150,,FALSE
notre-dame,น็อทร์-ดามแห่งปารีส สร้างขึ้นในปี ค.ศ. 1163-1260,Notre-Dame de Paris built 1163-1260,,FALSE
jehoiada,เยโฮยาดา,Jehoiada,2 Kings 11:4,FALSE
babel,หอคอยแห่งบาเบลที่สร้างขึ้น,Tower of Babel built,,FALSE
Haggai,ฮักไก,Haggai,,FALSE
Zerubbabel,เศรุบบาเบล (ลูกา 3:27),Zerubbabel (Luke 3:27),Luke 3:27,FALSE
Babylon,"ดาเนียล 2:32, 36-38; 7:4","Daniel 2:32, 36-38; 7:4",,FALSE
Medopersia,"ดาเนียล 2:32, 39; 7:5","Daniel 2:32, 39; 7:5",,FALSE
Greece,"ดาเนียล 2:32, 39; 7:6","Daniel 2:32, 39; 7:6",,FALSE
Rome,"ดาเนียล 2:33, 40; 7:7","Daniel 2:33, 40; 7:7",,FALSE
Angloamerica,"ดาเนียล 2:33, 41-43","Daniel 2:33, 41-43",,FALSE
Babylon_c,บาบิโลน,Babylon,,FALSE
Medopersia_c,มิโด-เปอร์เซีย,Medo-Persia,,FALSE
Greece_c,กรีซ,Greece,,FALSE
Rome_c,โรม,Rome,,FALSE
Angloamerica_c,แองโกล-อเมริกา,Anglo-America,,FALSE
infliction1,ความทุกข์ยาก 400 ปี,400 year infliction,Acts 7:6,FALSE
infliction2,กิจการ 7:6,Acts 7:6,,FALSE
Jacob2,เจคอบ/,Jacob/,Jacob/Israel 1858-1711 – 147 years,FALSE
Israel,อิสราเอล,Israel,Genesis 35:10,FALSE
Sarah,ซาราห์,Sarah,"2008-1881 BCE – 127 years, Isaiah 51:2",FALSE
Hagar,ฮาการ์,Hagar,Genesis 21:14,FALSE
Haran,ฮาราน,Haran,Genesis 11:26,FALSE
Reumah,เรอูมาห์,Reumah,Concubine – 4 sons 22:24,FALSE
Milcah,มิลก้า,Milcah,8 sons (Bethuel and 7 more),FALSE
Lot,มาก,Lot,Genesis 11:27,FALSE
Lots_wife,ภรรยาของโลต,Lot’s wife,,FALSE
Lots_daughters,ธิดาของโลท,Daughters of Lot,,FALSE
Moab,โมอับ (ลูกสาวคนโต),Moab (older daughter),Genesis 19:37,FALSE
Ammon,เบนอัมมี (อัมโมน),Ben-ammi (Ammon),Genesis 19:38,FALSE
Bethuel,เบธูเอล,Bethuel,Genesis 22:23,FALSE
Rebekah,รีเบคก้า,Rebekah,,FALSE
Laban,ลาบัน,Laban,Genesis 24:29,FALSE
Leah,ลีอาห์,Leah,Genesis 35:23,FALSE
Rachel,ราเชล,Rachel,Genesis 35:24,FALSE
Bilhah,บิลฮาห์,Bilhah,Genesis 35:25,FALSE
Zilpah,ศิลปาห์,Zilpah,Genesis 35:26,FALSE
Reuben,รูเบน,Reuben,,FALSE
Simeon,สิเมโอน,Simeon,,FALSE
Levi,ลีวายส์,Levi,Genesis 35:23,FALSE
Judah,ยูดาห์,Judah,,FALSE
Issachar,อิสสาคาร์,Issachar,,FALSE
Zebulun,เซบูลุน,Zebulun,,FALSE
Dinah,ไดนาห์,Dinah,Genesis 34,FALSE
Esau,เอซาว/,Esau/,,FALSE
Edom,เอโดม,Edom,Genesis 36:1,FALSE
Ishmael,อิชมาเอล,Ishmael,Genesis 16:16,FALSE
Manasseh2,(มนัสเสห์,(Manasseh,Genesis 41:50-52,FALSE
Ephraim,และเอฟราอิม),and Ephraim),,FALSE
Benjamin,เบนจามิน,Benjamin,,FALSE
Dan,แดน,Dan,Genesis 35:23,FALSE
Naphtali,นัฟทาลี,Naphtali,,FALSE
Gad,กาด,Gad,,FALSE
Asher,อาเชอร์,Asher,,FALSE
Milcah1,"อูซ, บูซ, เคมูเอล,","Uz, Buz, Kemuel,",Genesis 22:21,FALSE
Milcah2,"เชส, ฮาโซ,","Chesed, Hazo,",,FALSE
Milcah3,"พิลดาช, จิดลาฟ","Pildash, Jidlaph",,FALSE
Tebah,เตบาห์,Tebah,Genesis 22:24,FALSE
Gaham,กาฮัม,Gaham,,FALSE
Tahash,ทาฮาช,Tahash,,FALSE
Maacah,มาอาคาห์,Maacah,,FALSE
Mahalath,มหาลัท/,Mahalath/,"Genesis 28:8, 9",FALSE
Basemath,เบสแมท,Basemath,"Genesis36:3, 4",FALSE
Reuel,รูเอล,Reuel,"36:13, 17",FALSE
Nahath,นาหัต,Nahath,,FALSE
Zerah,เซราห์,Zerah,,FALSE
Schammah,ชัมมาห์,Schammah,,FALSE
Mizzah,มิซาห์,Mizzah,,FALSE
Adah,อาดาห์,Adah,"36:11, 12, 15, 16",FALSE
Eliphaz,เอลีฟาซ,Eliphaz,,FALSE
Teman,เทมาน,Teman,,FALSE
Omar,โอมาร์,Omar,,FALSE
Zepho,เซโฟ,Zepho,,FALSE
Kenaz,เคนัส,Kenaz,,FALSE
Korah,โคราห์,Korah,,FALSE
Gatam,กาตัม,Gatam,,FALSE
Amalek,อามาเลข,Amalek,,FALSE
Oholibamah,โอโฮลิบามาห์,Oholibamah,"36:14, 18",FALSE
Jeush,เจอช,Jeush,,FALSE
Jalam,จาลัม,Jalam,,FALSE
Nebaioth,เนบาโยธ,Nebaioth,Genesis 25:13,FALSE
Kedar,เคดาร์,Kedar,,FALSE
Adbeel,แอดบีล,Adbeel,,FALSE
Mibsam,มิบซัม,Mibsam,,FALSE
Mishma,มิชมา,Mishma,,FALSE
Dumah,ดูมาห์,Dumah,,FALSE
Massa,มาสซ่า,Massa,,FALSE
Hadad,ฮาดัด,Hadad,,FALSE
Tema,ธีม,Tema,,FALSE
Jetur,เจตูร์,Jetur,,FALSE
Naphish,นาพิช,Naphish,,FALSE
Kedemah,เคเดมาห์,Kedemah,,FALSE
Babylon2,,,no text left and right – empty!,FALSE
terahfam,สมาชิกในครอบครัวของเทราห์,members of Terah’s family,,FALSE
rosetta,หินโรเซตตา 196 ก่อนคริสตศักราช,Rosetta stone 196 B.C.E.,,FALSE
Herodotus,เฮโรโดตุส ค. 484 – ค. 425 ปีก่อนคริสตกาล เขียน The History,"Herodotus c. 484 – c. 425 BC, writes The Histories",Father of History,FALSE
Aristotle,อริสโตเติล 384 – 322 ปีก่อนคริสตกาล,Aristotle 384 – 322 BC,"The First Teacher, The Philosopher",FALSE
Ptolemy,ปโตเลมี ค. 100 – ค. ส.ศ. 170,Ptolemy c 100 – c. 170 C.E.,,FALSE
Pythagoras,พีทาโกรัส ค. 570 – ค. 495 ปีก่อนคริสตกาล,Pythagoras c. 570 – c. 495 BC,,FALSE
Plato,เพลโต ค. 427 – ค. 348 ปีก่อนคริสตกาล,Plato c. 427 – c. 348 BC,,FALSE
Socrates,โสกราตีส ค. 470 – ค. 399 ปีก่อนคริสตกาล,Socrates c. 470 – c. 399 BC,,FALSE
Josephus,โจเซฟัส ค. 37 – ค. ส.ศ. 100,Josephus c. 37 – c. 100 C.E.,,FALSE
Cicero,ซิเซโร 106–43 ปีก่อนคริสตกาล,Cicero 106–43 BC,"influence on Latin language, 3 Jan 106 BC – 7 Dec 43 BC",FALSE
lachish_letters,ตัวอักษร Lachish ค. ปี 590 ก่อน ส.ศ.,Lachish letters c. 590 B.C.E.,,FALSE
lachish_reliefs,ภาพนูนต่ำนูนสูงค. ปี 681 ก่อน ส.ศ.,Lachish reliefs c. 681 B.C.E.,,FALSE
mesha_stele,Mesha Stele (หินโมอับ) ค. 840 ก่อน ส.ศ.,Mesha Stele (Moabite stone) c. 840 B.C.E.,w25/12 study article 50 paragraph 6,FALSE
gilgamesh,กิลกาเมช และ อาก้า 𒇽𒆥𒄄𒀀𒀝𒂵,Gilgamesh and Aga 𒇽𒆥𒄄𒀀𒀝𒂵,,FALSE
epic_gilgamesh,มหากาพย์แห่งกิลกาเมช (Sîn-lēqi-unninni),Epic of Gilgamesh (Sîn-lēqi-unninni),,FALSE
oxyrhynchus,Oxyrhynchus Papyri,Oxyrhynchus Papyri,,FALSE
p52,พาไพรัส P52,Papyrus P52,,FALSE
daniel2_shift,0,4,Start 4.2,FALSE
daniel2_1,กษัตริย์เนบูคัดเนสซาร์,King Nebuchadnezzar,607 BCE,FALSE
daniel2_2,ทำลายกรุงเยรูซาเล็ม,destroys Jerusalem,appendix B9,FALSE
daniel2_3,พิชิตบาบิโลน,Conquers Babylon,539 BCE,FALSE
daniel2_4,ไซรัสประกาศให้กลับมา,Cyrus decrees return,537 BCE,FALSE
daniel2_5,ของชาวยิวไปยังกรุงเยรูซาเล็ม,of Jews to Jerusalem,,FALSE
daniel2_6,อเล็กซานเดอร์มหาราช,Alexander the Great,331 BCE,FALSE
daniel2_7,พิชิตเปอร์เซีย,conquers Persia,,FALSE
daniel2_8,กฎเกณฑ์เหนืออิสราเอล,Rules over Israel,63 BCE,FALSE
daniel2_9,ทำลายกรุงเยรูซาเล็ม,Destroys Jerusalem,70 CE,FALSE
daniel2_10,ในช่วงสงครามโลกครั้งที่ 1,"During World War I,",1914-1918 CE,FALSE
daniel2_11,มหาอำนาจโลกแองโกล-อเมริกัน,Anglo-American World Power,,FALSE
daniel2_12,เกิดขึ้น,comes into being,End 4.2,FALSE
qing-dynasty,ค.ศ. 1636-1912,1636-1912,,FALSE
qing-dynasty_c,ราชวงศ์ชิง,Qing dynasty,1636-1912,FALSE
ming-dynasty,1368-1644,1368-1644,,FALSE
ming-dynasty_c,ราชวงศ์หมิงในจักรวรรดิจีน,Ming dynasty in imperial China,1368-1644,FALSE
yuan-dynasty,1271-1368,1271-1368,,FALSE
southern-song,1127-1279,1127-1279,,FALSE
northern-song,960-1127,960-1127,,FALSE
western-xia,1038-1227,1038-1227,,FALSE
yuan-dynasty_c,หยวน,Yuan,1271-1368,FALSE
southern-song_c,เพลงใต้,Southern Song,1127-1279,FALSE
northern-song_c,เพลงภาคเหนือ,Northern Song,960-1127,FALSE
western-xia_c,เซี่ยตะวันตก,Western Xia,1038-1227,FALSE
Copernicus,นิโคเลาส์ โคเปอร์นิคัส,Nicolaus Copernicus,,FALSE
Galileo,กาลิเลโอ กาลิเลอี,Galileo Galilei,Galileo di Vincenzo Bonaiuti de' Galilei,FALSE
Newton,ไอแซกนิวตัน,Isaac Newton,,FALSE
gregorian,ปฏิทินเกรโกเรียน ค.ศ. 1582,Gregorian calendar 1582,,FALSE
shang-dynasty,ค. 1600-1046 ปีก่อนคริสตกาล,c. 1600-1046 BC,,FALSE
western-zhou,"ค. 1,046-771 ปีก่อนคริสตกาล",c. 1046-771 BC,,FALSE
eastern-zhou,770-256 ปีก่อนคริสตกาล,770-256 BC,,FALSE
qin-dynasty,ฉิน 221-207 ปีก่อนคริสตกาล,Qin 221-207 BC,,FALSE
western-han,207 ปีก่อนคริสตกาล – 9 ส.ศ,207 BC – 9 CE,,FALSE
eastern-han,คริสตศักราช 25-220,25-220 CE,,FALSE
three-kingdoms,สามก๊ก คริสตศักราช 220-280,Three kingdoms 220-280 CE,,FALSE
sixteen-kingdoms,สิบหกอาณาจักร (ค.ศ. 304-439),Sixteen kingdoms 304-439 CE,,FALSE
northern-dynasties,ค.ศ. 368-581,368-581 CE,,FALSE
southern-dynasties,ค.ศ. 420-589,420-589 CE,,FALSE
tang-dynasty1,,,,FALSE
tang-dynasty2,"618-690, 705-907","618-690, 705-907",,FALSE
wu-zhou,690-705 อู๋โจว,690-705 Wu Zhou,,FALSE
shang-dynasty_c,ราชวงศ์ซาง,Shang Dynasty,c. 1600-1046 BC,FALSE
western-zhou_c,โจวตะวันตก,Western Zhou,c. 1046-771 BC,FALSE
eastern-zhou_c,โจวตะวันออก,Eastern Zhou,770-256 BC,FALSE
western-han_c,ฮั่นตะวันตก,Western Han,207 BC – 9 CE,FALSE
eastern-han_c,ฮั่นตะวันออก,Eastern Han,25-220 CE,FALSE
three-kingdoms_c,จีน,China,Three kingdoms 220-280 CE,FALSE
sixteen-kingdoms_c,จีน,China,Sixteen kingdoms 304-439 CE,FALSE
northern-dynasties_c,ราชวงศ์เหนือ,Northern Dynasties,368-581 CE,FALSE
southern-dynasties_c,ราชวงศ์ใต้,Southern Dynasties,420-589 CE,FALSE
tang-dynasty1_c,กลิ่นฉุน,Tang,,FALSE
tang-dynasty2_c,ราชวงศ์ถัง,Tang Dynasty,"618-690, 705-907",FALSE
xia-dynasty,ราชวงศ์เซี่ยในประเทศจีนค. 2070 – ประมาณ 1600 ปีก่อนคริสตกาล,Xia dynasty in China c. 2070 – c. 1600 BC,,FALSE
gonghe,แคว้นกงเหอ 841-828 ปีก่อนคริสตกาล,Gonghe Regency 841-828 BC,,FALSE
Ashoka,พระเจ้าอโศก (ประมาณ 304-232 ปีก่อนคริสตกาล) ส่งเสริมพระพุทธศาสนา,Ashoka (c. 304-232 BC) promotes Buddhism,,FALSE
siloam-tunnel,เฮเซคียาห์ขยายอุโมงค์สิโลอัม,Hezekiah extends Siloam tunnel,c. 742-732 BC,FALSE
Angloamerica2,"แองโกล-อเมริกันเป็นสัญลักษณ์ของเท้าเหล็กผสมกับดินเหนียวในคำพยากรณ์ในดาเนียล 2:33, 41-43","Anglo-American is symbolized by the feet of iron mixed with clay in the prophecy in Daniel 2:33, 41-43",,FALSE
Manetho,มาเนโทเขียนเรื่อง Aอียิปต์ิกา,Manetho writes Aegyptiaca,,FALSE
tribulation,"ความทุกข์ยากครั้งใหญ่ (มาระโก 13:19; ดาเนียล 12:1; มัทธิว 24:21, 22)","The Great Tribulation (Mark 13:19; Daniel 12:1; Matt 24:21, 22)",,FALSE
destruction_babylon,"ความพินาศของบาบิโลนใหญ่ (วิวรณ์ 17:3, 15-18; 18:9, 10)","Destruction of Babylon the Great (Revelation 17:3, 15-18; 18:9, 10)",beginning of great tribulation (GT),FALSE
gog_of_magog,"การโจมตีของโกกแห่งมาโกก (เอเสเคียล 38:1, 2, 9-12, 18-23)","Attack of Gog of Magog (Ezekiel 38:1, 2, 9-12, 18-23)",end of GT,FALSE
sheep_goat,ชาวโลกจะถูกพิพากษา แยกแกะและแพะออกจากกัน (มัทธิว 25:31-33),"Earth’s inhabitants are judged, separating sheep and goats (Matthew 25:31-33)",end of GT,FALSE
annointed,การรวมตัวของผู้ปกครองราชอาณาจักร (มัทธิว 24:31; 1 โครินธ์ 15:50-53; 1 เธสะโลนิกา 4:15-17),Gathering of Kingdom rulers (Matthew 24:31; 1 Corinthians 15:50-53; 1 Thessalonians 4:15-17),end of GT,FALSE
armageddon,"ยุทธการอาร์มาเก็ดดอน (วิวรณ์ 16:14, 16; อิสยาห์ 13:9; 2 เปโตร 3:12)","Battle of Armageddon (Revelation 16:14, 16; Isaiah 13:9; 2 Peter 3:12)",end of system of things,FALSE
millenium,"ราชอาณาจักรของพระเจ้าเริ่มต้นรัชกาล 1,000 ปี (วิวรณ์ 5:9, 10; 20:4, 6)","God’s Kingdom begins its 1000-year reign (Revelation 5:9, 10; 20:4, 6)",,FALSE
great_crowd,"ฝูงชนจำนวนมากรอดพ้นจากอาร์มาเก็ดดอน (วิวรณ์ 7:9, 14; สดุดี 37:9-11)","A great crowd survives Armageddon (Revelation 7:9, 14; Psalm 37:9-11)",,FALSE
world_population,ประชากรโลกหลายพันล้านคนในช่วง 2000 ปีที่ผ่านมา,World population in billions in the last 2000 years,appendix B9,FALSE
607BCE,607 ก่อนคริสตศักราช,607 B.C.E.,accommodate for language,FALSE
539BCE,ปี 539 ก่อน ส.ศ.,539 B.C.E.,systems in style:,FALSE
537BCE,ปี 537 ก่อน ส.ศ.,537 B.C.E.,>>year 537 before time<<,FALSE
331BCE,331 ก่อน ส.ศ.,331 B.C.E.,so they need a word,FALSE
63BCE,ปี 63 ก่อน ส.ศ.,63 B.C.E.,prior to the year,FALSE
70CE,ส.ศ. 70,70 C.E.,and something,FALSE
1914CE,ส.ศ. 1914-1918,1914-1918 C.E.,after the year,FALSE
khmer_empire,ค.ศ. 804 – 1431 ส.ศ.,804 – 1431 C.E.,,FALSE
khmer_empire_c,จักรวรรดิเขมร-สมัยอังกอร์,Khmer Empire - Angkor period,,FALSE
byzantine_empire,ส.ศ. 330-1453,330-1453 C.E.,,FALSE
byzantine_empire_c,จักรวรรดิไบแซนไทน์,Byzantine Empire,,FALSE
ottoman_empire,ค.ศ. 1299 – 1922 ส.ศ.,1299 – 1922 C.E.,,FALSE
ottoman_empire_c,จักรวรรดิออตโตมัน,Ottoman Empire,,FALSE
holy_roman_empire,ค.ศ. 800 – 924,800 – 924 C.E.,,FALSE
holy_roman_empire2,ค.ศ. 862 – 1806 ส.ศ.,962 – 1806 C.E.,fixed 2024-12-31,FALSE
holy_roman_empire_c,จักรวรรดิโรมันอันศักดิ์สิทธิ์ – หลังปี ค.ศ. 1512 จักรวรรดิโรมันอันศักดิ์สิทธิ์ของชาติเยอรมัน,Holy Roman Empire – known as Holy Roman Empire of the German Nation after 1512,,FALSE
mongol_empire,จักรวรรดิมองโกล ค.ศ. 1206 – 1294,Mongol Empire 1206 – 1294 C.E.,,FALSE
Genghis,เจงกี๊สข่าน,Genghis Khan,,FALSE
maya_classic,250-950,250-950,,FALSE
maya_classic_c,อารยธรรมมายา – ยุคคลาสสิก,Maya civilization – classic period,,FALSE
maya_postclassic,950-1539,950-1539,,FALSE
maya_postclassic_c,อารยธรรมมายา – ยุคหลังคลาสสิก,Maya civilization – postclassic period,,FALSE
inca_empire,ค.ศ. 1438 – 1533 ส.ศ.,1438 – 1533 C.E.,,FALSE
inca_empire_c,อาณาจักรอินคา,Inca empire,,FALSE
gupta_empire,ค.ศ. 319 – 550,319 – 550 C.E.,,FALSE
gupta_empire_c,อาณาจักรคุปตะ,Gupta empire,,FALSE
Teotihuacan,เมืองที่ใหญ่ที่สุดในทวีปอเมริกา ปิรามิดสร้างค. ส.ศ. 200,"largest city in the Americas, pyramids build c. 200 C.E.",,FALSE
Teotihuacan_c,เตโอติอัวคาน,Teotihuacan,,FALSE
Dionysius_Exiguus,ไดโอนิซิอัส เอ็กซิกุส ผู้ประดิษฐ์อันโน โดมินี,"Dionysius Exiguus, inventor of Anno Domini",,FALSE
Umayyad,ค.ศ. 661 – 750 ส.ศ.,661 – 750 C.E.,,FALSE
Umayyad_c,เมยยาด,Umayyad,,FALSE
Abbasid,ค.ศ. 750 – 1258 ส.ศ.,750 – 1258 C.E.,,FALSE
Abbasid_c,อับบาซิด คอลีฟะห์,Abbasid Caliphate,,FALSE
Mamluk,ค.ศ. 1250 – 1517 ส.ศ.,1250 – 1517 C.E.,,FALSE
Mamluk_c,สุลต่านมัมลุค,Mamluk Sultanate,,FALSE
ur3,ราชวงศ์อูร์ที่ 3 𒋀𒀕𒆠,Ur III dynasty 𒋀𒀕𒆠,,FALSE
hammurabi,ฮัมมูราบี 𒄩𒄠𒈬𒊏𒁉,Hammurabi 𒄩𒄠𒈬𒊏𒁉,,FALSE
Al-Khwarizmi,al-Khwarizmi เขียน Al-Jabr (พีชคณิต),al-Khwarizmi writes Al-Jabr (Algebra),,FALSE
al-azhar,มหาวิทยาลัย Al-Azhar ก่อตั้งขึ้นในกรุงไคโร,Al-Azhar University is established in Cairo,,FALSE
Ibn-Sina,อิบนุ ซินา หรืออาวิเซนนา,Ibn Sina or Avicenna,,FALSE
Al-Ghazali,อัล-ฆอซาลี,Al-Ghazali,2024-07-30,FALSE
Keturah,,Keturah,Genesis 25:1-4,FALSE
Zimran,,Zimran,,FALSE
Jokshan,,Jokshan,,FALSE
Medan,,Medan,,FALSE
Midian,,Midian,,FALSE
Ishbak,,Ishbak,,FALSE
Shuah,,Shuah,,FALSE
Timna,,Timna,"1 Chr 1:36, Ge 36:10-12",FALSE
Midianites,,"1) Midianites: Numbers 31:2, 3",,FALSE
Moabites,,"2) Moabites: Deuteronomy 23:3, 4",,FALSE
Ammonites,,3) Ammonites: Joshua 12:2,,FALSE
Edomites,,4) Edomites: Numbers 20:14-17,,FALSE
Temanites,,5) Temanites: Job 42:7,,FALSE
Amalekites,,6) Amalekites: 1 Samuel 15:2,2024-09-29,FALSE
life-expectancy,,Life expectancy 75 years,,FALSE
life-expectancy2,,(Psalm 90:10),2024-11-29,FALSE
430years,,1943 – 1513 B.C.E.,,FALSE
430years_c,,"430 years: Exodus 12:41, Galatians 3:17",2024-12-24,FALSE
maya_calendar,,"Calculated beginning of Maya calendar August 11, 3114 B.C.E.",2024-12-25,FALSE
xia-dynasty2,,c. 2070 – c. 1600 BC; Era first alluded during the Western Zhou period,2025-01-02,FALSE
xia-dynasty2_c,,Xia dynasty in China,,FALSE
tres_zapotes,,"September 3rd, 32 B.C.E.",2024-12-31,FALSE
joseph_jacob_reunited,,Joseph and Jacob reunited in Egypt – 1728 B.C.E. (Gen 45:11; 47:9),2025-01-01,FALSE
king_south_light,,,2025-02-05,FALSE
king_south_light_c,,King of the South from Daniel 11,2025-02-05,FALSE
king_north_light,,,2025-02-05,FALSE
king_north_light_c,,King of the North from Daniel 11,2025-02-05,FALSE
daniel2_iron,,,2025-02-05,FALSE
daniel2_iron_c,,Iron legs from Daniel 2,2025-02-05,FALSE
wulfila,พระคัมภีร์ Wulfila,Wulfila Bible,2025-09-20,FALSE
argenteus,โคเด็กซ์ อาร์เจนเทียส ค. 505,Codex Argenteus c. 505,written copy of Wulfila Bible,FALSE
tran_dynasty,1225 – 14.00 น,1225 – 1400,,FALSE
tran_dynasty_c,ราชวงศ์ Trần,Trần dynasty,,FALSE
le_dynasty,1428 – 1527,1428 – 1527,triều Lê sơ or Vietnamese: nhà Lê sơ,FALSE
le_dynasty_c,ราชวงศ์เล,Lê dynasty,,FALSE
revival_le_dynasty,พ.ศ. 1533-1789,1533-1789,,FALSE
revival_le_dynasty_c,ขุนนาง Trịnh และขุนนาง Nguyễn,Revival Lê dynasty,Nhà Lê trung hưng,FALSE
nguyen_dynasty,พ.ศ. 2345 – 2426,1802 – 1883,,FALSE
nguyen_dynasty_c,เหงียน,Nguyễn,2025-09-20,FALSE
edo,1603 – 1868,1603 – 1868,,FALSE
edo_c,สมัยเอโดะในญี่ปุ่น,Edo period in Japan,,FALSE
meiji,พ.ศ. 2411 – 2455,1868 – 1912,,FALSE
meiji_c,เมจิ,Meiji,2025-09-20,FALSE
Ham,แฮม,Ham,Gen 10:1,FALSE
Canaan,คานาอัน,Canaan,Gen 10:6,FALSE
Sidon,ไซดอน,Sidon,Gen 10:15,FALSE
Heth,เฮธ,Heth,Gen 10:15,FALSE
Jebusite,เจบูไซต์,Jebusite,Gen 10:16,FALSE
Amorite,อามอไรต์,Amorite,Gen 10:16,FALSE
Girgashite,เกอร์กาไชต์,Girgashite,Gen 10:16,FALSE
Hivite,ไฮไวต์,Hivite,Gen 10:17,FALSE
Arkite,อาร์ไคต์,Arkite,Gen 10:17,FALSE
Sinite,จริงใจ,Sinite,Gen 10:17,FALSE
Arvadite,อาร์วาไดท์,Arvadite,Gen 10:18,FALSE
Zemarite,ซีมาริต,Zemarite,Gen 10:18,FALSE
Hamathite,ฮามาไทต์,Hamathite,Gen 10:18,FALSE
Cush,คุช,Cush,Gen 10:6,FALSE
Nimrod,นิมรอด,Nimrod,Gen 10:8,FALSE
Mizraim,มิซไรม์,Mizraim,Gen 10:14,FALSE
Casluh,คาสลูห์,Casluh,1 Chronicles 1:12 (Philistines),FALSE
Japheth,เจเฟธ,Japheth,Gen 10:3,FALSE
Asshur,อัสชูร,Asshur,Gen 10:22,FALSE
Lud,ลุด,Lud,Gen 10:22,FALSE
Aram,อาราม,Aram,Gen 10:22,FALSE
Elam,อีแลม,Elam,Gen 10:22,FALSE
Joktan,จกทัน,Joktan,Gen 10:26,FALSE
Almodad,อัลโมดัด,Almodad,Gen 10:26,FALSE
Sheleph,เชเลฟ,Sheleph,Gen 10:26,FALSE
Hazarmaveth,ฮาซาร์มาเร็ธ,Hazarmaveth,Gen 10:26,FALSE
Jerah,เจราห์,Jerah,Gen 10:26,FALSE
Hadoram,ฮาโดรัม,Hadoram,Gen 10:27,FALSE
Uzal,อูซาล,Uzal,Gen 10:27,FALSE
Diklah_Obal,"ดิคลาห์, โอบาล","Diklah, Obal",Gen 10:27,FALSE
Abimael,อาบีมาเอล,Abimael,Gen 10:28,FALSE
Sheba_Ophir,"เชบา, โอฟีร์","Sheba, Ophir","Gen 10:28, 29",FALSE
Havilah,ฮาวิลาห์,Havilah,Gen 10:29,FALSE
Jobab,โจบับ,Jobab,Gen 10:29,FALSE
Korah_Gatam,"โคราห์, กาตัม","Korah, Gatam",303 and 304,FALSE
Adbeel_Mibsam,"อัดบีล, มิบซัม","Adbeel, Mibsam",311 and 312,FALSE
Dumah_Massa,"ดูมาห์, มาสซา","Dumah, Massa",314 and 315,FALSE
Ham_fn,1) ชาวอียิปต์: สดุดี 105:23,1) Egyptians: Psalms 105:23,2025-09-22,FALSE
Canaan_fn,2) ชาวคานาอัน: โยชูวา 13:3,2) Canaanites: Joshua 13:3,2025-09-22,FALSE
Aram_fn,3) ชาวอารัม: โฮเชยา 12:12,3) Arameans: Hosea 12:12,2025-09-22,FALSE
Elam_fn,4) เอลาไมต์: เอสรา 4:9,4) Elamites: Ezra 4:9,2025-09-22,FALSE
Asshur_fn,5) อัสซีเรีย: เอเสเคียล 27:23,5) Assyrians: Ezekiel 27:23,2025-09-22,FALSE
Casluh_fn,6) ชาวฟิลิสเตีย: 1 พงศาวดาร 1:12,6) Philistines: 1 Chronicles 1:12,2025-09-22,FALSE
Cush_fn,7) ชาวเอธิโอเปีย [คูชิต์]: 2 กษัตริย์ 19:9,7) Ethiopian [Cushite]: 2 Kings 19:9,2025-09-22,FALSE
Edom_fn,8) ชาวเอโดม: กันดารวิถี 20:14-17,8) Edomites: Numbers 20:14-17,same as 459,FALSE
Moab_fn,"9) โมอับ: เฉลยธรรมบัญญัติ 23:3, 4","9) Moabites: Deuteronomy 23:3, 4",same as 457,FALSE
Ammon_fn,10) คนอัมโมน: โยชูวา 12:2,10) Ammonites: Joshua 12:2,same as 458,FALSE
Midian_fn,"11) ชาวมีเดียน: กันดารวิถี 31:2, 3","11) Midianites: Numbers 31:2, 3",same as 456,FALSE
Amalek_fn,12) ชาวอามาเลข: 1 ซามูเอล 15:2,12) Amalekites: 1 Samuel 15:2,same as 461,FALSE
Teman_fn,13) ชาวเทมาน: โยบ 42:7,13) Temanites: Job 42:7,same as 460,FALSE
Sidon_fn,14) ชาวไซดอน: เศคาริยาห์ 9:2,14) Sidonians: Zechariah 9:2,2025-09-22,FALSE
Heth_fn,15) ชาวฮิตไทต์: ปฐมกาล 15:20,15) Hittites: Genesis 15:20,2025-09-22,FALSE
Jebusite_fn,16) ชาวเยบุส: โยชูวา 15:63,16) Jebusites: Joshua 15:63,2025-09-22,FALSE
Judith,จูดิธ?,Judith?,"Genesis 26:34, 35",FALSE
Lud_fn,17) ลิเดีย: 1 พงศาวดาร 1:17,17) Lydians: 1 Chronicles 1:17,"Jewish Antiquities, I, 143, 144 [vi, 4]",FALSE
Ishmael_fn,18) ชาวอิชมาเอล: ปฐมกาล 37:27,18) Ishmaelites: Genesis 37:27,2025-09-22,FALSE
Amorite_fn,19) ชาวอาโมไรต์: ผู้วินิจฉัย 6:10,19) Amorites: Judges 6:10,2025-09-22,FALSE
Hivite_fn,"20) ชาวฮีไวต์ [กิเบโอน]: โยชูวา 9:3, 7","20) Hivites [Gibeon]: Joshua 9:3, 7",Gibeonites,FALSE
american_civil_war,สงครามกลางเมืองอเมริกา ค.ศ. 1861-1865,American Civil War 1861-1865,"April 12, 1861 to May 26, 1865",FALSE
aleppo_codex,อเลปโป โคเด็กซ์ ค. 920,Aleppo Codex c. 920,2025-10-03,FALSE
seljuk_empire,ค.ศ. 1037 – 1194 ส.ศ.,1037 – 1194 C.E.,"Seljuk Empire 1037-1194, part of Seljuk dynasty 1037-1308",FALSE
seljuk_empire_c,อาณาจักรเซลจุค,Seljuk empire,,FALSE
vandals,อาณาจักรแห่งป่าเถื่อนและอลันส์ ค.ศ. 435 – 534,Kingdom of the Vandals and Alans 435 – 534 C.E.,Vandals 435-534 C.E.,FALSE
vandals_c,พวกป่าเถื่อน,Vandals,,FALSE
francia,"ค. 481/509 – 843 C.E., Merovingian จนถึง 751 จากนั้น Carolingian","c. 481/509 – 843 C.E., Merovingian till 751, then Carolingian",Kingdom of the Franks (Regnum Francorum) c. 481/509-843 treaty of Verdun,FALSE
francia_c,อาณาจักรแห่งแฟรงค์,Kingdom of the Franks,,FALSE
lombard,ค.ศ. 568 – 774,568 – 774 C.E.,Kingdom of the Lombards 568-774,FALSE
lombard_c,อาณาจักรลอมบาร์ด,Lombard Kingdom,2025-10-13,FALSE
100_years_war,สงครามร้อยปี ค.ศ. 1337 – 1453,Hundred Years’ War 1337 – 1453,1337–1453,FALSE
black_death,มรณะสีดำ ค.ศ. 1346-1353,Black death 1346-1353,1346-1353,FALSE
sui_dynasty,581-618 Sui-dynastie,581-618 Sui-dynastie,2025-11-09,FALSE
sui_dynasty_c,Sui,Sui,2025-11-09,FALSE
