key,english,translation
pdf_title,"6,000 Years of Human History — A Timeline",
pdf_subject,Timeline of human history from 4000 BCE to present,
month,month,
months,months,
day,day,
days,days,
to,to,
Deluge,Deluge,
moses2,1593 to 1473 B.C.E. – 120 years,
temple1,Nisan 1513 B.C.E. to Ziv 1034 B.C.E.,
69weeks,Jesus baptized autumn 29 C.E.,
year,year,
years,years,
years_age,years,
age_kings,,
wilderness,Israel in the wilderness 1513 to 1473 B.C.E. – 40 years,
timespan_judges,1473 to 1117 B.C.E. – 356 years,
timespan_judges2,Time of the judges,
temple2,479 years until the temple construction – 1 Kings 6:1,
69weeks2,69 weeks to the Messiah – Daniel 9:25,
jesus_service,"3.5 years of Jesus service, executed Nisan 14th, 33 C.E.",
jesus_life,Jesus born 2 B.C.E.,
exile,607 to 537 B.C.E. – 70 years (Jeremiah 25:11),
exile2,Exile,
7times2,7 times – 2520 years to the Messianic Kingdom 1914 C.E. (Daniel 4:23),
ww1,World War I – 1914–1918,
ww2,World War II – 1939–1945,
30_year_war,Thirty Years' War in Europe 1618-1648,
joshua,110 years,
caleb,more than 85 years,
missionary1,"First Missionary Journey of Paul, c. 47-48 C.E. with Barnabas and John Mark",
circumcision,"Circumcision issue at Antioch, conference in Jerusalem c. 49 C.E.",
missionary2,Second Missionary Journey c. 49-52 C.E with Silas (Silvanus),
missionary3,Third Missionary Journey c. 52-56 C.E.,
caesarea,Paul in custody in Caesarea c. 56-58 C.E.,
rome1,Paul’s first imprisonment in Rome c. 59-61 C.E.,
rome2,"Paul’s second imprisonment in Rome c. 65 C.E., 2 Timothy written, Paul executed",
event_exodus,"Exodus from Egypt on Nisan 14th, 1513 B.C.E.",
event_division_kingdom,Division of Israel 997 BCE,
event_destruction_samaria,Destruction of Samaria 740 B.C.E. by Assyria,
event_destruction_jerusalem1,"Destruction of Jerusalem 607 B.C.E. by Babylon, 390 years after the division of the kingdom (Ezekiel 4:5)",
event_temple_rebuilt,Temple in Jerusalem rebuilt 515 B.C.E.,
event_jerusalem_rebuilt,Jerusalem wall rebuilt 455 B.C.E.,
event_destruction_jerusalem2,Destruction of Jerusalem 70 C.E. by Rome under Titus,
event_1914,"End of the time of the nations (Luke 21:24), God’s Kingdom starts to rule in heaven 1914 C.E.",
became_king,becomes king at age,
vulgate,Vulgate completed by Jerome (Latin translation of the bible) c. 405 C.E.,
gutenberg,Gutenberg Bible printed 1455,
erasmus,Greek text of Christian Greek Scriptures published by Desiderius Erasmus of Rotterdam 1516,
luther,Luther Bible translation in September 1522,
tyndale,English Bible translation by Tyndale 1536,
king_james,King James Bible 1611,
69weeks3,"Jesus starts his service 29 CE (Luke 3:1, 21)",
ransom,Middle of week “sacrifice to cease” Daniel 9:27,
cornelius,Cornelius baptized at the end of 70 weeks (Daniel 9:24) in 36 C.E.,
columbus,End of the pre-columbian period in the Americas 1492,
declaration_independence,Declaration of independence of 13 colonies in America 1776,
tischendorf,Tischendorf discovers the Codex Sinaiticus from the 4th century in 1844,
dead_sea_scrolls,Dead Sea Scrolls written,
septuagint,Septuagint LXX translated,
watchtower,The first issue of “Zion’s Watch Tower and Herald of Christ’s Presence” is published in 1879,
jehovahs_witnesses,"The Bible Students adopt a new name – Jehovah’s Witnesses (Isaiah 43:10, 12) in Columbus, Ohio, 1931",
gilead_school,"Watchtower Bible School of Gilead begins on Monday, February 1, 1943",
new_world_translation1,"“New World Translation of the Holy Scriptures” released in Manchester, England on June 18, 1960, reintroduces the name Jehovah in many parts of the Bible",
new_world_translation2,"Revised “New World Translation of the Holy Scriptures” released at annual meeting 2013, optimized to be used digitally and online",
cold_war,Geopolitical situation labeled “Cold War” 1945-1991,
codex_sinaiticus,Codex Sinaiticus written,
codex_vaticanus,Codex Vaticanus written,
leningrad_codex,Leningrad Codex written in Cairo AD 1008,
john,John writes “revelation” while exiled on Patmos 96-98 C.E.,
buddha,The Buddha – Siddhartha Gautama c.563-c.483 B.C.E,
buddha2,Buddha alternatively c. 480-400 B.C.E.,
mohammed,Mohammed c. 570-632,
confucius,Confucius c.551-c.479 B.C.E.,
hijrah,Hijrah - Journey Mecca to Medina 16 July 622,
moses_escape,"1553 B.C.E. Moses has to escape Egypt – Exodus 2:15, Acts 7:23",
10plagues,1513 B.C.E Egypt receives 10 plagues,
joseph_sold,Joseph sold as slave at the age of 17 – Gen 37:2,
infliction,400 year infliction (Acts 7:6) – Ishmael 1913 B.C.E,
Alexander,Alexander the Great (Daniel 11:3),
persia,"Cyrus the Great, Cambyses II, Darius I 490 BCE, Xerxes I 480 BCE (husband of Esther, Daniel 11:2)",
king_north,"Seleucus I Nicator (v5) Syria to Antiochus III (v10) and Seleucus IV (v18, 19) down to Octavian (v20) and Tiberius (v21-24)",
king_north1,King of the North,
king_south,"Ptolemy I, II, III, IV (v11, 12), V (v15, 16) to the battle Actium 31 B.C.E.",
king_south1,King of the South,
king_south2,"British Empire 1870, Anglo-American World Power since 1914",
king_south3,King of the South,
king_north2,"Germany with Emperor William I 1871 (v28), 1914 (v29), 1935 (v30b), 1939 (v31a)",
king_north3,North,
king_north4,"Soviet Union 1945-1991 (Daniel 11:32-39, 40b, 41)",
king_north5,Russia since 2017 (w20 May),
time_of_end,"Presence of Christ, Conclusion of the system of things (Matthew 24:3), the last days (2 Timothy 3:1)",
time_of_end2,Last days,
suryavaman2,King Suryavarman II builds Angkor Wat 1113-1150,
notre-dame,Notre-Dame de Paris built 1163-1260,
babel,Tower of Babel built,
infliction1,400 year infliction,
Lots_wife,Lot’s wife,
Lots_daughters,Daughters of Lot,
Moab,Moab (older daughter),
rosetta,Rosetta stone 196 B.C.E.,
Herodotus,"Herodotus c. 484 – c. 425 BC, writes The Histories",
Aristotle,Aristotle 384 – 322 BC,
Ptolemy,Ptolemy c 100 – c. 170 C.E.,
Pythagoras,Pythagoras c. 570 – c. 495 BC,
Plato,Plato c. 427 – c. 348 BC,
Socrates,Socrates c. 470 – c. 399 BC,
Josephus,Josephus c. 37 – c. 100 C.E.,
Cicero,Cicero 106–43 BC,
lachish_letters,Lachish letters c. 590 B.C.E.,
lachish_reliefs,Lachish reliefs c. 681 B.C.E.,
mesha_stele,Mesha Stele (Moabite stone) c. 840 B.C.E.,
gilgamesh,Gilgamesh and Aga 𒇽𒆥𒄄𒀀𒀝𒂵,
epic_gilgamesh,Epic of Gilgamesh (Sîn-lēqi-unninni),
gregorian,Gregorian calendar 1582,
shang-dynasty,c. 1600-1046 BC,
western-zhou,c. 1046-771 BC,
qin-dynasty,Qin 221-207 BC,
western-han,207 BC – 9 CE,
three-kingdoms,Three kingdoms 220-280 CE,
sixteen-kingdoms,Sixteen kingdoms 304-439 CE,
tang-dynasty2,"618-690, 705-907",
wu-zhou,690-705 Wu Zhou,
tang-dynasty1_c,Tang,
gonghe,Gonghe Regency 841-828 BC,
Ashoka,Ashoka (c. 304-232 BC) promotes Buddhism,
siloam-tunnel,Hezekiah extends Siloam tunnel,
Angloamerica2,"Anglo-American is symbolized by the feet of iron mixed with clay in the prophecy in Daniel 2:33, 41-43",
Manetho,Manetho writes Aegyptiaca,
destruction_babylon,"Destruction of Babylon the Great (Revelation 17:3, 15-18; 18:9, 10)",
peace_security,"“Peace and security!” (1 Thessalonians 5:3, this is one possibility, QfR 26/2, 25/11)",
gog_of_magog,"Attack of Gog of Magog (Ezekiel 38:1, 2, 9-12, 18-23)",
sheep_goat,"Earth’s inhabitants are judged, separating sheep and goats (Matthew 25:31-33)",
annointed,Gathering of Kingdom rulers (Matthew 24:31; 1 Corinthians 15:50-53; 1 Thessalonians 4:15-17),
armageddon,"Battle of Armageddon (Revelation 16:14, 16; Isaiah 13:9; 2 Peter 3:12)",
millenium,"God’s Kingdom begins its 1000-year reign (Revelation 5:9, 10; 20:4, 6)",
great_crowd,"A great crowd survives Armageddon (Revelation 7:9, 14; Psalm 37:9-11)",
world_population,World population in billions in the last 2000 years,
khmer_empire_c,Khmer Empire - Angkor period,
holy_roman_empire_c,Holy Roman Empire – known as Holy Roman Empire of the German Nation after 1512,
mongol_empire,Mongol Empire 1206 – 1294,
maya_classic_c,Maya civilization – Classic period,
maya_postclassic_c,Maya civilization – Postclassic period,
Teotihuacan,"Largest city in the Americas, pyramids build c. 200 C.E.",
Dionysius_Exiguus,"Dionysius Exiguus, inventor of Anno Domini",
Umayyad_c,Umayyad,
ur3,Ur III Dynasty 𒋀𒀕𒆠,
hammurabi,Hammurabi 𒄩𒄠𒈬𒊏𒁉,
Al-Khwarizmi,al-Khwarizmi writes Al-Jabr (Algebra),
al-azhar,Al-Azhar University is established in Cairo,
Ibn-Sina,Ibn Sina or Avicenna,
life-expectancy,Life expectancy 75 years,
430years_c,"430 years: Exodus 12:41, Galatians 3:17",
maya_calendar,"Calculated beginning of Maya calendar August 11, 3114 B.C.E.",
xia-dynasty2,c. 2070 – c. 1600 BC; Era first alluded during the Western Zhou period,
xia-dynasty2_c,Xia dynasty in China,
tres_zapotes,"September 3rd, 32 B.C.E.",
joseph_jacob_reunited,Joseph and Jacob reunited in Egypt – 1728 B.C.E. (Gen 45:11; 47:9),
king_south_light_c,King of the South from Daniel 11,
king_north_light_c,King of the North from Daniel 11,
daniel2_iron_c,Iron legs from Daniel 2,
argenteus,Codex Argenteus c. 505,
nguyen_dynasty_c,Nguyễn,
edo_c,Edo period in Japan,
meiji_c,Meiji,
american_civil_war,American Civil War 1861-1865,
aleppo_codex,Aleppo Codex c. 920,
vandals,Kingdom of the Vandals and Alans 435 – 534,
francia,"c. 481/509 – 843, Merovingian till 751, then Carolingian",
francia_c,Kingdom of the Franks,
100_years_war,Hundred Years’ War 1337 – 1453,
black_death,Black death 1346-1353,
sui_dynasty,581-618 Sui dynasty,
sui_dynasty_c,Sui,
tribulation,"The Great Tribulation (Mark 13:19; Daniel 12:1; Matt 24:21, 22)",
timeline_created,"This timeline is created in 2023, the hottest year in human history and the last 125,000 years",
