key,born,start,end,row_y,notes,old
Julius,BCE0100-07-01,BCE0064-01-01,BCE0044-03-15,37.55,,37.05
Augustus,BCE0063-09-23,BCE0027-01-16,0014-08-19,38.55,"born Gaius Octavius, also Octavian",38.05
Tiberius,BCE0042-11-16,0014-08-19,0037-03-16,39.55,,39.05
Caligula,0012-08-31,0037-03-16,0041-01-24,40.55,,40.05
Claudius,0010-08-01,0041-01-24,0054-10-13,41.55,,41.05
Nero,0037-12-15,0054-10-13,0068-06-09,42.55,,42.05
Galba-Otho-Vitellius,0068-06-09,0068-06-09,0069-12-20,43.55,4 Caesars in one year,43.05
Vespasian,0009-11-17,0069-07-01,0079-06-23,44.55,most values exact down to the date,44.05
Alexander,BCE0356-07-20,BCE0336-10-01,BCE0323-06-11,30,checked 2026-05-29,31
