key,text,english,notes,tag,checked
version,6.06,6.06, ,float,False
pdf_title,6000年嘅人類歷史可視化,6000 years human history visualized,2026-06-30,text,False
pdf_subject,人類大事記,Timeline of humankind, ,text,False
BCE,B.C.E.,B.C.E.,appendix B9,B9,False
CE,C.E.,C.E., ,B9,False
month,月,month, ,text,False
months,月份,months, ,text,False
day,日,day, ,text,False
days,日,days, ,text,False
to,自,to, ,text,False
Deluge,洪水,Deluge, ,text,False
moses2,公元前1593年至公元前1473年–120年,1593 to 1473 B.C.E. – 120 years, ,text,False
temple1,公元前1513年尼散至公元前1034年,Nisan 1513 B.C.E. to Ziv 1034 B.C.E., ,text,False
69weeks,耶穌在公元29年秋天施洗。,Jesus baptized autumn 29 C.E., ,text,False
year,年,year,"timespan, age (Adam was 130 years old when Shem was born)",text,False
years,年,years, ,text,False
years_age,年,years,"years when used as age for a person (different word than years in some languages), like he is 23 years old",text,False
age_kings, , ,"if the word ""year"" appears after the numeral, like ""at the age of 35 years""",text,False
wilderness,曠野中嘅以色列公元前1513年至公元前1473年–40年,Israel in the wilderness 1513 to 1473 B.C.E. – 40 years, ,text,False
timespan_judges,公元前1473年至公元前1117年–356年,1473 to 1117 B.C.E. – 356 years, ,text,False
timespan_judges2,評委時間,Time of the judges, ,text,False
temple2,聖殿建成前479年–列王紀上6：1,479 years until the temple construction – 1 Kings 6:1,1034 BCE,text,False
69weeks2,彌賽亞69周–但以理書9：25,69 weeks to the Messiah – Daniel 9:25, ,text,False
jesus_service,服侍耶穌3.5年，于公元33年尼散月14日被處決。,"3.5 years of Jesus service, executed Nisan 14th, 33 C.E.", ,text,False
jesus_life,耶穌生於公元前2年,Jesus born 2 B.C.E., ,text,False
exile,公元前607年至公元前537年–70年（耶利米書25：11）,607 to 537 B.C.E. – 70 years (Jeremiah 25:11), ,text,False
exile2,流亡,Exile, ,text,False
7times2,7次–2520年到彌賽亞王國，公元1914年（但以理書4：23）,7 times – 2520 years to the Messianic Kingdom 1914 C.E. (Daniel 4:23), ,text,False
ww1,第一次世界大戰–公元1914-1918年,World War I – 1914–1918, ,text,False
ww2,第二次世界大戰–公元1939-1945年,World War II – 1939–1945, ,text,False
30_year_war,歐洲三十年戰爭1618-1648,Thirty Years' War in Europe 1618-1648, ,text,False
joshua,110岁,110 years, ,text,False
caleb,超過85年,more than 85 years, ,text,False
missionary1,保羅嘅第一次傳教之旅，約公元47-48年，與巴拿巴同约翰·马可,"First Missionary Journey of Paul, c. 47-48 C.E. with Barnabas and John Mark", ,text,False
circumcision,安提阿嘅割礼問題，約公元49年喺耶路撒冷舉行嘅會議,"Circumcision issue at Antioch, conference in Jerusalem c. 49 C.E.", ,text,False
missionary2,第二次傳教之旅，約公元49-52年，與西拉（西爾瓦努斯）,Second Missionary Journey c. 49-52 C.E with Silas (Silvanus), ,text,False
missionary3,第三次傳教之旅，約公元52-56年,Third Missionary Journey c. 52-56 C.E., ,text,False
caesarea,保羅被關押在凱撒利亞，約公元56-58年,Paul in custody in Caesarea c. 56-58 C.E., ,text,False
rome1,保羅第一次被囚禁喺罗马，約公元59-61年,Paul’s first imprisonment in Rome c. 59-61 C.E., ,text,False
rome2,保羅第二次被囚禁在羅馬，約公元65年，提摩太后書，保羅被處決,"Paul’s second imprisonment in Rome c. 65 C.E., 2 Timothy written, Paul executed", ,text,False
event_exodus,公元前1513年尼散月14日出埃及記,"Exodus from Egypt on Nisan 14th, 1513 B.C.E.", ,text,False
event_division_kingdom,以色列分裂公元前997年,Division of Israel 997 BCE, ,text,False
event_destruction_samaria,公元前740年撒玛利亚被亞述摧毀,Destruction of Samaria 740 B.C.E. by Assyria,Destruction of Samaria 740 B.C.E. by Assyria,text,False
event_destruction_jerusalem1,公元前607年，巴比倫在耶路撒冷分裂390年後，耶路撒冷被巴比倫摧毀（以西結書4：5）,"Destruction of Jerusalem 607 B.C.E. by Babylon, 390 years after the division of the kingdom (Ezekiel 4:5)", ,text,False
event_temple_rebuilt,耶路撒冷嘅聖殿重建於公元前515年。,Temple in Jerusalem rebuilt 515 B.C.E., ,text,False
event_jerusalem_rebuilt,耶路撒冷城牆重建於公元前455年,Jerusalem wall rebuilt 455 B.C.E., ,text,False
event_destruction_jerusalem2,公元70年罗马喺提图斯統治下摧毀耶路撒冷,Destruction of Jerusalem 70 C.E. by Rome under Titus, ,text,False
event_1914,萬國時代的終結，神嘅國度開始喺天上統治公元1914年,"End of the time of the nations (Luke 21:24), God’s Kingdom starts to rule in heaven 1914 C.E.",include scripture Luke 21:24,text,False
became_king,年紀大咗就成了國王,becomes king at age,2025-04-14,text,False
vulgate,杰罗姆（ Jerome ）完成嘅通俗譯本（聖經嘅拉丁文譯本）約公元405年,Vulgate completed by Jerome (Latin translation of the bible) c. 405 C.E., ,text,False
gutenberg,古腾堡聖經印刷1455年,Gutenberg Bible printed 1455, ,text,False
erasmus,1516年鹿特丹嘅德西德里乌斯·伊拉斯杓（ Desiderius Erasmus ）出版嘅基督教希臘語聖經嘅希臘文本,Greek text of Christian Greek Scriptures published by Desiderius Erasmus of Rotterdam 1516, ,text,False
luther,1522年9月路德聖經翻譯,Luther Bible translation in September 1522, ,text,False
tyndale,Tyndale 1536年嘅英文聖經翻譯,English Bible translation by Tyndale 1536, ,text,False
king_james,欽定版聖經1611,King James Bible 1611, ,text,False
69weeks3,"耶穌在公元29年開始服侍（路加福音3：1,21）","Jesus starts his service 29 CE (Luke 3:1, 21)", ,text,False
ransom,周中≤停止獻祭桎梏但以理書9：27,Middle of week “sacrifice to cease” Daniel 9:27, ,text,False
cornelius,哥尼流在公元36年70周結束時受洗（但以理書9：24）。,Cornelius baptized at the end of 70 weeks (Daniel 9:24) in 36 C.E., ,text,False
columbus,1492年美洲前哥倫布時期結束,End of the pre-columbian period in the Americas 1492, ,text,False
declaration_independence,1776年美洲13個殖民地宣佈獨立,Declaration of independence of 13 colonies in America 1776, ,text,False
tischendorf,Tischendorf於1844年發現咗4世紀嘅西奈抄本,Tischendorf discovers the Codex Sinaiticus from the 4th century in 1844, ,text,False
dead_sea_scrolls,死海古卷寫作,Dead Sea Scrolls written, ,text,False
septuagint,七十士譯本LXX翻譯,Septuagint LXX translated, ,text,False
watchtower,1879年出版了第一期《錫安的守望台和基督同系的先驅》,The first issue of “Zion’s Watch Tower and Herald of Christ’s Presence” is published in 1879, ,text,False
jehovahs_witnesses,聖經研究者取了一個新名字——耶和華見證人。 1931年，俄亥俄州哥伦布市,"The Bible Students adopt a new name – Jehovah’s Witnesses (Isaiah 43:10, 12) in Columbus, Ohio, 1931",include scripture,text,False
gilead_school,守望台基列聖經學校於1943年2月1日星期一開學,"Watchtower Bible School of Gilead begins on Monday, February 1, 1943", ,text,False
new_world_translation1,1960年6月18日，《聖經新世界譯本》在英國曼徹斯特出版,"“New World Translation of the Holy Scriptures” released in Manchester, England on June 18, 1960, reintroduces the name Jehovah in many parts of the Bible",hightlight reintroduction of Jehovah’s name,text,False
new_world_translation2,2013年年會上修訂嘅《聖經新世界譯本》,"Revised “New World Translation of the Holy Scriptures” released at annual meeting 2013, optimized to be used digitally and online",new edition with digital and online in mind,text,False
cold_war,1945-1991年被稱為“冷戰”嘅地緣政治局勢,Geopolitical situation labeled “Cold War” 1945-1991, ,text,False
codex_sinaiticus,西奈抄本,Codex Sinaiticus written, ,text,False
codex_vaticanus,梵蒂岡抄本,Codex Vaticanus written, ,text,False
leningrad_codex,列宁格勒抄本，寫於開羅，公元1008年,Leningrad Codex written in Cairo AD 1008, ,text,False
john,約翰在公元96-98年被擄到拔摩島時寫下了“啟示錄”。,John writes “revelation” while exiled on Patmos 96-98 C.E., ,text,False
buddha,佛陀–悉达多·乔达摩c.563-c.483 B.C.E,The Buddha – Siddhartha Gautama c.563-c.483 B.C.E, ,text,False
buddha2,佛陀約公元前480-400年,Buddha alternatively c. 480-400 B.C.E., ,text,False
mohammed,穆罕默德，約公元570-632年,Mohammed c. 570-632, ,text,False
confucius,孔子，約公元前551年—約公元前479年,Confucius c.551-c.479 B.C.E., ,text,False
hijrah,希吉拉-麥加之旅到麥地622年7月16日,Hijrah - Journey Mecca to Medina 16 July 622, ,text,False
moses_escape,公元前1553年，摩西必須逃離埃及——出埃及記2：15，使徒行傳7：23,"1553 B.C.E. Moses has to escape Egypt – Exodus 2:15, Acts 7:23", ,text,False
10plagues,公元前1513年，埃及遭遇10次瘟疫,1513 B.C.E Egypt receives 10 plagues, ,text,False
joseph_sold,約瑟在17歲時被賣為奴隸——創世記37：2,Joseph sold as slave at the age of 17 – Gen 37:2, ,text,False
infliction,400年的苦難（使徒行傳7：6）—以實瑪利，公元前1913年，公元前,400 year infliction (Acts 7:6) – Ishmael 1913 B.C.E, ,text,False
Alexander,亞歷山大大帝（但以理書11：3 ）,Alexander the Great (Daniel 11:3), ,text,False
persia,居魯士大帝，岡比西斯二世，大流士一世公元前490年，薛西斯一世公元前480年（以斯帖嘅老公，但以理書11：2 ）,"Cyrus the Great, Cambyses II, Darius I 490 BCE, Xerxes I 480 BCE (husband of Esther, Daniel 11:2)", ,text,False
king_north,"塞琉古一世尼卡托（ v5 ）敘利亞到安條克三世（ v10 ）同塞琉古四世（ v18,19 ）落到屋大維（ v20 ）同提比略（ v21-24 ）","Seleucus I Nicator (v5) Syria to Antiochus III (v10) and Seleucus IV (v18, 19) down to Octavian (v20) and Tiberius (v21-24)", ,text,False
king_north1,北方之王,King of the North, ,text,False
king_south,托勒密一世、二世、三世、四世（ 11、12節）、五世（ 15節、16節）到公元前31年嘅戰鬥Actium,"Ptolemy I, II, III, IV (v11, 12), V (v15, 16) to the battle Actium 31 B.C.E.", ,text,False
king_south1,南方之王,King of the South, ,text,False
king_south2,1870年大英帝国嘅，1914年以來嘅英美世界強國,"British Empire 1870, Anglo-American World Power since 1914", ,text,False
king_south3,南方之王,King of the South, ,text,False
king_north2,德國與威廉一世皇帝1871 （v28）、1914 （v29）、1935 （v30b）、1939 （v31a）,"Germany with Emperor William I 1871 (v28), 1914 (v29), 1935 (v30b), 1939 (v31a)", ,text,False
king_north3,北,North, ,text,False
king_north4,"蘇聯1945-1991 （但以理書11：32-39,40b，41 ）","Soviet Union 1945-1991 (Daniel 11:32-39, 40b, 41)", ,text,False
king_north5,俄羅斯自2017年以來（ w20 May ）,Russia since 2017 (w20 May), ,text,False
time_of_end,基督的同在，事物制度的終結（馬太福音24：3），末世（提摩太后書3：1）,"Presence of Christ, Conclusion of the system of things (Matthew 24:3), the last days (2 Timothy 3:1)",scriptures written out,text,False
time_of_end2,最後幾日,Last days, ,text,False
suryavaman2,苏里亚跋摩二世國王建造吳哥窟1113-1150,King Suryavarman II builds Angkor Wat 1113-1150, ,text,False
notre-dame,巴黎聖母院建於1163-1260年,Notre-Dame de Paris built 1163-1260, ,text,False
babel,巴别塔建成,Tower of Babel built, ,text,False
infliction1,400年受害,400 year infliction,Acts 7:6,text,False
Lots_wife,羅得的妻子,Lot’s wife, ,text,False
Lots_daughters,羅得的女兒,Daughters of Lot, ,text,False
Moab,摩押（大女）,Moab (older daughter),Genesis 19:37,text,False
rosetta,罗塞塔石碑公元前196年,Rosetta stone 196 B.C.E., ,text,False
Herodotus,希罗多德約公元前484年–約公元前425年，撰寫《歷史》,"Herodotus c. 484 – c. 425 BC, writes The Histories",Father of History,text,False
Aristotle,亚里士多德384–公元前322年,Aristotle 384 – 322 BC,"The First Teacher, The Philosopher",text,False
Ptolemy,托勒密c 100–c. 170 C.E.,Ptolemy c 100 – c. 170 C.E., ,text,False
Pythagoras,畢達哥拉斯，約公元前570年-約公元前495年,Pythagoras c. 570 – c. 495 BC, ,text,False
Plato,柏拉图約公元前427年–約公元前348年,Plato c. 427 – c. 348 BC, ,text,False
Socrates,苏格拉底約公元前470年–約公元前399年,Socrates c. 470 – c. 399 BC, ,text,False
Josephus,約瑟夫斯約公元37年-約公元100年,Josephus c. 37 – c. 100 C.E., ,text,False
Cicero,西塞罗公元前106-43年,Cicero 106–43 BC,"influence on Latin language, 3 Jan 106 BC – 7 Dec 43 BC",text,False
lachish_letters,約公元前590年嘅拉奇字母,Lachish letters c. 590 B.C.E., ,text,False
lachish_reliefs,拉奇浮雕，約公元前681年,Lachish reliefs c. 681 B.C.E., ,text,False
mesha_stele,米沙石碑（摩押石），約公元前840年,Mesha Stele (Moabite stone) c. 840 B.C.E.,w25/12 study article 50 paragraph 6,text,False
gilgamesh,吉爾伽美什和阿迦𒇽𒆥𒄄𒀀𒀝𒂵,Gilgamesh and Aga 𒇽𒆥𒄄𒀀𒀝𒂵, ,text,False
epic_gilgamesh,吉爾伽美什史詩（Són-lóqi-unninni）,Epic of Gilgamesh (Sîn-lēqi-unninni), ,text,False
gregorian,公曆1582,Gregorian calendar 1582, ,text,False
shang-dynasty,約公元前1600-1046年,c. 1600-1046 BC, ,text,False
western-zhou,約公元前1046-771年,c. 1046-771 BC, ,text,False
qin-dynasty,秦 公元前221-207年,Qin 221-207 BC, ,text,False
western-han,公元前207年–公元9年,207 BC – 9 CE, ,text,False
three-kingdoms,三國公元220-280年,Three kingdoms 220-280 CE, ,text,False
sixteen-kingdoms,十六國公元304-439年,Sixteen kingdoms 304-439 CE, ,text,False
tang-dynasty2,"618-690, 705-907","618-690, 705-907", ,text,False
wu-zhou,690-705吴周,690-705 Wu Zhou, ,text,False
tang-dynasty1_c,柄腳,Tang, ,text,False
gonghe,巩河攝政公元前841-828年,Gonghe Regency 841-828 BC, ,text,False
Ashoka,阿育王（約公元前304-232年）推廣佛教,Ashoka (c. 304-232 BC) promotes Buddhism, ,text,False
siloam-tunnel,希西屋企擴建西罗亚隧道,Hezekiah extends Siloam tunnel,c. 742-732 BC,text,False
Angloamerica2,但以理書2：33緊，41-43嘅預言中，英美人以鐵腳與粘土混合為象徵,"Anglo-American is symbolized by the feet of iron mixed with clay in the prophecy in Daniel 2:33, 41-43", ,text,False
Manetho,Manetho寫道Aegyptiaca,Manetho writes Aegyptiaca, ,text,False
destruction_babylon,"大巴比倫的毀滅（啟示錄17：3,15-18;18：9,10）","Destruction of Babylon the Great (Revelation 17:3, 15-18; 18:9, 10)",beginning of great tribulation (GT),text,False
peace_security,「和平同安全！」 （帖撒羅尼迦前書5:3，呢個係其中一個可能性， QfR 26/2，25/11）,"“Peace and security!” (1 Thessalonians 5:3, this is one possibility, QfR 26/2, 25/11)","one possibility, see Questions from Readers",text,False
gog_of_magog,"瑪各歌革的攻擊（以西結書38：1,2,9-12,18-23）","Attack of Gog of Magog (Ezekiel 38:1, 2, 9-12, 18-23)",end of GT,text,False
sheep_goat,地上的居民將受到審判，將綿羊和山羊分開（馬太福音25：31-33）,"Earth’s inhabitants are judged, separating sheep and goats (Matthew 25:31-33)",end of GT,text,False
annointed,王國統治者聚會 ( 馬太福音 24 : 31 ; 哥林多前書 15 : 50-53 ; 塞薩洛尼亞 4: 15-17),Gathering of Kingdom rulers (Matthew 24:31; 1 Corinthians 15:50-53; 1 Thessalonians 4:15-17),end of GT,text,False
armageddon,"阿馬德多之戰 ( 啟示錄 16 : 14,16 ; 以賽亞書 13: 9 ; 彼得前書 3: 12)","Battle of Armageddon (Revelation 16:14, 16; Isaiah 13:9; 2 Peter 3:12)",end of system of things,text,False
millenium,"神國開 1000 年統治 ( 啟示錄 5 : 9,10 ; 20 : 4,6 )","God’s Kingdom begins its 1000-year reign (Revelation 5:9, 10; 20:4, 6)", ,text,False
great_crowd,"一眾人群捱過阿瑪吉多頓 ( 啟示錄 7: 9,14 ; 詩篇 37: 9-11 )","A great crowd survives Armageddon (Revelation 7:9, 14; Psalm 37:9-11)", ,text,False
world_population,過去 2000 年，世界人口係幾十億,World population in billions in the last 2000 years, ,text,False
khmer_empire_c,高棉帝國 - 吳哥時期,Khmer Empire - Angkor period, ,text,False
holy_roman_empire_c,聖羅馬帝國 – 1512 年後，被稱為德國民族聖羅馬帝國,Holy Roman Empire – known as Holy Roman Empire of the German Nation after 1512, ,text,False
mongol_empire,蒙古帝國 1206 – 1294,Mongol Empire 1206 – 1294, ,text,False
maya_classic_c,瑪雅文明 – 經典時期,Maya civilization – Classic period, ,text,False
maya_postclassic_c,瑪雅文明 – 經典後時期,Maya civilization – Postclassic period, ,text,False
Teotihuacan,美洲最大嘅城市，金字塔係建造 c. 200 C.E.,"Largest city in the Americas, pyramids build c. 200 C.E.", ,text,False
Dionysius_Exiguus,迪奧尼西修斯 · 埃克斯古斯，安諾 · 多米尼發明家,"Dionysius Exiguus, inventor of Anno Domini", ,text,False
Umayyad_c,烏馬雅,Umayyad, ,text,False
ur3,Ur III 王朝 𝋀𒀕𒆠,Ur III Dynasty 𒋀𒀕𒆠, ,text,False
hammurabi,哈穆拉比 𒄩 𝄠 𝊏,Hammurabi 𒄩𒄠𒈬𒊏𒁉, ,text,False
Al-Khwarizmi,阿爾 - 克瓦利茲米寫道阿爾 · 賈布爾 ( 代數 ),al-Khwarizmi writes Al-Jabr (Algebra), ,text,False
al-azhar,阿扎爾大學係開羅成立,Al-Azhar University is established in Cairo, ,text,False
Ibn-Sina,伊本新浪或阿維塞納,Ibn Sina or Avicenna, ,text,False
life-expectancy,壽命 75 歲,Life expectancy 75 years, ,text,False
430years_c,430 歲：出埃及記 12 : 41 ，加拉太書 3 : 17,"430 years: Exodus 12:41, Galatians 3:17",2024-12-24,text,False
maya_calendar,"計算由瑪雅曆開始 8 月 11 日 ,3114 年公元前 3114 年。","Calculated beginning of Maya calendar August 11, 3114 B.C.E.",2024-12-25,text,False
xia-dynasty2,c . 2070 – c 。公元前 1600 年 ;時代先係西周時期暗示,c. 2070 – c. 1600 BC; Era first alluded during the Western Zhou period,2025-01-02,text,False
xia-dynasty2_c,中國中國王朝,Xia dynasty in China, ,text,False
tres_zapotes,9 月 3 日，公元前 32 年。,"September 3rd, 32 B.C.E.",2024-12-31,text,False
joseph_jacob_reunited,約瑟同雅各喺埃及團聚 – 公元前 1728 年（世代 45 : 11 ； 47 : 9 ）,Joseph and Jacob reunited in Egypt – 1728 B.C.E. (Gen 45:11; 47:9),2025-01-01,text,False
king_south_light_c,丹尼爾 11 嘅南方王,King of the South from Daniel 11,2025-02-05,text,False
king_north_light_c,北從丹尼爾 11,King of the North from Daniel 11,2025-02-05,text,False
daniel2_iron_c,丹尼爾 2 嘅鐵腳,Iron legs from Daniel 2,2025-02-05,text,False
argenteus,阿根廷科德克斯 c. 505,Codex Argenteus c. 505,written copy of Wulfila Bible,text,False
nguyen_dynasty_c,古伊 · 納,Nguyễn,2025-09-20,text,False
edo_c,日本江戶期,Edo period in Japan,Edo period (Tokugawa shogunate),text,False
meiji_c,明治,Meiji,2025-09-20,text,False
american_civil_war,美國內戰 1861-1865 年,American Civil War 1861-1865,"April 12, 1861 to May 26, 1865",text,False
aleppo_codex,阿勒波科德克斯 c. 920,Aleppo Codex c. 920,2025-10-03,text,False
vandals,破壞者王國與阿蘭斯 435-534,Kingdom of the Vandals and Alans 435 – 534,Vandals 435-534 C.E.,text,False
francia,"c . 481/509 – 843, 梅羅文人到 751, 之後係卡羅林人","c. 481/509 – 843, Merovingian till 751, then Carolingian",Kingdom of the Franks (Regnum Francorum) c. 481/509-843 treaty of Verdun,text,False
francia_c,法蘭克王國,Kingdom of the Franks, ,text,False
100_years_war,百年戰爭 1337 年 -1453 年,Hundred Years’ War 1337 – 1453,1337–1453,text,False
black_death,黑色死亡 1346-1353,Black death 1346-1353,1346-1353,text,False
sui_dynasty,581-618 隋王朝,581-618 Sui dynasty,2025-11-09,text,False
sui_dynasty_c,隋,Sui,2025-11-09,text,False
tribulation,"大災難（馬可福音13：19; 但以理書12：1; 馬太福音24：21,22）","The Great Tribulation (Mark 13:19; Daniel 12:1; Matt 24:21, 22)", ,text,False
Adam,亞當,Adam,Luke 3:38,bible,False
Seth,賽斯,Seth, ,bible,False
Enosh,以諾什,Enosh, ,bible,False
Kenan,凱南,Kenan (Cainan),Genesis 5:12,bible,False
Mahalalel,马哈拉雷尔,Mahalalel (Mahalaleel),Ma·hala·lel,bible,False
Jared,杰瑞德,Jared, ,bible,False
Enoch,諾,Enoch, ,bible,False
Methuselah,瑪土撒拉,Methuselah,Luke 3:37,bible,False
Lamech,拉麥,Lamech, ,bible,False
Noah,諾亞,Noah, ,bible,True
Shem,閃,Shem, ,bible,True
Arpachshad,阿帕赫沙德,Arpachshad,Luke 3:36,bible,False
Shelah,希拉,Shelah, ,bible,False
Eber,埃伯,Eber, ,bible,False
Peleg,佩莱格,Peleg, ,bible,False
Reu,魯,Reu, ,bible,False
Serug,塞魯格,Serug,Luke 3:35,bible,False
Nahor,纳霍尔,Nahor,Genesis 11:24,bible,False
Terah,佢拉,Terah, ,bible,False
Abraham,亚伯拉罕,Abraham, ,bible,False
Isaac,艾萨克,Isaac, ,bible,False
Jacob,雅各,Jacob,Luke 3:34,bible,False
Joseph,約瑟夫,Joseph,Genesis 37,bible,False
Moses,摩西,Moses, ,bible,False
Othniel,奥特尼尔,Othniel,Judges 3:9-11,bible,False
Ehud,埃胡德,Ehud,Judges 3:15-18,bible,False
Shamgar,沙姆加尔,Shamgar,Judges 3:31,bible,False
Barak,波利克,"Barak, Deborah, Jael",Judges 4:6,bible,False
Gideon,吉迪恩,Gideon,Judges 7:1,bible,False
Tola,托拉,Tola,Judges 10:1,bible,False
Jair,迨,Jair,Judges 10:3,bible,False
Jephthah,耶弗佢,Jephthah,Judges 11:1,bible,False
Ibzan,伊布讚,Ibzan,Judges 12:8,bible,False
Elon,伊隆,Elon,Judges 12:11,bible,False
Abdon,阿布頓,Abdon,Judges 12:13,bible,False
Samson,參孫,Samson,Judges 13:24,bible,False
Samuel,塞缪尔,Samuel,1 Samuel 1:20,bible,False
Saul,掃羅,Saul,1 Samuel 9:2,bible,False
David,大衛,David,1 Samuel 16:13,bible,False
Solomon,索洛莫,Solomon,1 Kings 2:1,bible,False
Malachi,玛拉基,Malachi, ,bible,False
Ruth,露絲,Ruth, ,bible,False
Ezra,艾拉,Ezra, ,bible,False
Nehemiah,尼希米,Nehemiah, ,bible,False
Esther,以斯帖記,Esther, ,bible,False
Job,工作,Job, ,bible,False
moses3,摩西,Moses, ,bible,False
joshua2,乔舒亚,Joshua, ,bible,False
caleb2,凱勒,Caleb, ,bible,False
Augustus,奥古斯都,Augustus,Luke 2:1,bible,False
Tiberius,提比略,Tiberius,Luke 3:1,bible,False
Claudius,克劳迪斯,Claudius,Acts 11:28,bible,False
persia2,波斯,Persia, ,bible,False
jehoiada,約何亞達,Jehoiada,2 Kings 11:4,bible,False
Haggai,哈該,Haggai, ,bible,False
Zerubbabel,所罗巴伯（路加福音3：27 ）,Zerubbabel (Luke 3:27),Luke 3:27,bible,False
Jacob2,雅各/,Jacob/,Jacob/Israel 1858-1711 – 147 years,bible,False
Israel,以色列,Israel,Genesis 35:10,bible,False
Sarah,莎拉,Sarah,"2008-1881 BCE – 127 years, Isaiah 51:2",bible,False
Hagar,夏甲,Hagar,Genesis 21:14,bible,False
Haran,哈蘭,Haran,Genesis 11:26,bible,False
Reumah,鲁玛,Reumah,Concubine – 4 sons 22:24,bible,False
Milcah,米尔卡,Milcah,8 sons (Bethuel and 7 more),bible,False
Lot,好多,Lot,Genesis 11:27,bible,False
Ammon,Ben-ammi （阿蒙）,Ben-ammi (Ammon),Genesis 19:38,bible,False
Bethuel,貝休爾,Bethuel,Genesis 22:23,bible,False
Rebekah,麗貝卡,Rebekah, ,bible,False
Laban,拉班,Laban,Genesis 24:29,bible,False
Leah,利亞,Leah,Genesis 35:23,bible,False
Rachel,瑞秋,Rachel,Genesis 35:24,bible,False
Bilhah,比爾哈,Bilhah,Genesis 35:25,bible,False
Zilpah,齐尔帕,Zilpah,Genesis 35:26,bible,False
Reuben,魯本,Reuben, ,bible,False
Simeon,緬,Simeon, ,bible,False
Levi,利瓦伊,Levi,Genesis 35:23,bible,False
Judah,猶大,Judah, ,bible,False
Issachar,以薩迦,Issachar, ,bible,False
Zebulun,澤布倫,Zebulun, ,bible,False
Dinah,黛娜,Dinah,Genesis 34,bible,False
Esau,以掃/,Esau/, ,bible,False
Edom,以東,Edom,Genesis 36:1,bible,False
Ishmael,以實瑪利,Ishmael,Genesis 16:16,bible,False
Manasseh2,（瑪拿西,(Manasseh,Genesis 41:50-52,bible,False
Ephraim,同以法蓮）,and Ephraim), ,bible,False
Benjamin,本傑明,Benjamin, ,bible,False
Dan,擔,Dan,Genesis 35:23,bible,False
Naphtali,萘鞘利,Naphtali, ,bible,False
Gad,迨,Gad, ,bible,False
Asher,阿瑟,Asher, ,bible,False
Milcah1,烏茲、布兹、凯缪尔、,"Uz, Buz, Kemuel,",Genesis 22:21,bible,False
Milcah2,切塞德，哈佐，,"Chesed, Hazo,", ,bible,False
Milcah3,皮尔达什，吉德拉夫,"Pildash, Jidlaph", ,bible,False
Tebah,特巴,Tebah,Genesis 22:24,bible,False
Gaham,加汉姆,Gaham, ,bible,False
Tahash,塔哈什,Tahash, ,bible,False
Maacah,馬加,Maacah, ,bible,False
Mahalath,玛哈拉特/,Mahalath/,"Genesis 28:8, 9",bible,False
Basemath,基礎·數學,Basemath,"Genesis36:3, 4",bible,False
Reuel,鲁埃尔,Reuel,"36:13, 17",bible,False
Nahath,那哈特,Nahath, ,bible,False
Zerah,泽拉,Zerah, ,bible,False
Schammah,沙瑪,Schammah, ,bible,False
Mizzah,米扎,Mizzah, ,bible,False
Adah,阿达,Adah,"36:11, 12, 15, 16",bible,False
Eliphaz,以利法,Eliphaz, ,bible,False
Teman,特曼,Teman, ,bible,False
Omar,奥马尔,Omar, ,bible,False
Zepho,澤福,Zepho, ,bible,False
Kenaz,肯纳兹,Kenaz, ,bible,False
Korah,可拉,Korah, ,bible,False
Korah_Gatam,科拉，加塔姆,"Korah, Gatam","Genesis 36:11, 16",bible,False
Amalek,亞瑪力人,Amalek, ,bible,False
Oholibamah,奥霍利巴马,Oholibamah,"36:14, 18",bible,False
Jeush,杰什,Jeush, ,bible,False
Jalam,贾拉姆,Jalam, ,bible,False
Nebaioth,尼拜奧特,Nebaioth,Genesis 25:13,bible,False
Kedar,凱達爾,Kedar, ,bible,False
Mishma,米什玛,Mishma, ,bible,False
Adbeel_Mibsam,阿德比爾，米布薩姆,"Adbeel, Mibsam",Genesis 25:13,bible,False
Dumah_Massa,杜馬，馬薩,"Dumah, Massa",Genesis 25:14,bible,False
Hadad,哈達德,Hadad, ,bible,False
Tema,特馬,Tema, ,bible,False
Jetur,杰图尔,Jetur, ,bible,False
Naphish,纳菲什,Naphish, ,bible,False
Kedemah,凯德玛,Kedemah, ,bible,False
Keturah,凱圖拉,Keturah,Genesis 25:1,bible,False
Zimran,齊姆蘭,Zimran,Genesis 25:1,bible,False
Jokshan,約克山,Jokshan,Genesis 25:1,bible,False
Medan,曼丹,Medan,Genesis 25:1,bible,False
Midian,米迪安,Midian,Genesis 25:1,bible,False
Ishbak,伊什巴克,Ishbak,Genesis 25:1,bible,False
Shuah,舒亞,Shuah,Genesis 25:1,bible,False
Timna,蒂姆納,Timna,"Genesis 36:12, 1 Chr 1:36",bible,False
life-expectancy2,( 詩篇 90 : 10 ),(Psalm 90:10),2024-11-29,bible,False
Ham,火腿,Ham,Gen 10:1,bible,False
Canaan,迦南,Canaan,Gen 10:6,bible,False
Sidon,錫頓,Sidon,Gen 10:15,bible,False
Heth,希斯,Heth,Gen 10:15,bible,False
Jebusite,耶布斯蒂,Jebusite,Gen 10:16,bible,False
Amorite,阿摩利人,Amorite,Gen 10:16,bible,False
Girgashite,吉加西特,Girgashite,Gen 10:16,bible,False
Hivite,希維特,Hivite,Gen 10:17,bible,False
Arkite,阿克特,Arkite,Gen 10:17,bible,False
Sinite,西洋人,Sinite,Gen 10:17,bible,False
Arvadite,阿瓦迪特,Arvadite,Gen 10:18,bible,False
Zemarite,澤馬里特,Zemarite,Gen 10:18,bible,False
Hamathite,哈馬蒂特,Hamathite,Gen 10:18,bible,False
Cush,擠塞,Cush,Gen 10:6,bible,False
Nimrod,尼姆羅德,Nimrod,Gen 10:8,bible,False
Mizraim,米茲拉姆,Mizraim,Gen 10:14,bible,False
Casluh,卡斯魯,Casluh,1 Chronicles 1:12 (Philistines),bible,False
Japheth,賈菲斯,Japheth,Gen 10:1,bible,False
Asshur,阿屎忽,Asshur,Gen 10:22,bible,False
Lud,路德,Lud,Gen 10:22,bible,False
Aram,阿拉姆,Aram,Gen 10:22,bible,False
Elam,埃蘭,Elam,Gen 10:22,bible,False
Joktan,約克坦,Joktan,Gen 10:26,bible,False
Almodad,阿爾莫達德,Almodad,Gen 10:26,bible,False
Sheleph,謝勒夫,Sheleph,Gen 10:26,bible,False
Hazarmareth,哈薩馬雷斯,Hazarmareth,Gen 10:26,bible,False
Jerah,耶拉,Jerah,Gen 10:26,bible,False
Hadoram,哈多拉姆,Hadoram,Gen 10:27,bible,False
Uzal,烏扎爾,Uzal,Gen 10:27,bible,False
Diklah_Obal,迪克拉，奧巴爾,"Diklah, Obal",Gen 10:27,bible,False
Abimael,阿比馬埃爾,Abimael,Gen 10:28,bible,False
Sheba_Ophir,謝巴，奧菲爾,"Sheba, Ophir","Gen 10:28, 29",bible,False
Havilah,哈維拉,Havilah,Gen 10:29,bible,False
Jobab,乔巴布,Jobab,Gen 10:29,bible,False
Ham_fn,1) 埃及人：詩篇 105:23,1) Egyptians: Psalms 105:23,2025-09-22,bible,False
Canaan_fn,2 ）迦南：約書亞 13:3,2) Canaanites: Joshua 13:3,2025-09-22,bible,False
Aram_fn,3) 阿拉伯人： 12 : 12,3) Arameans: Hosea 12:12,2025-09-22,bible,False
Elam_fn,4) 精英：以斯拉 4: 9,4) Elamites: Ezra 4:9,2025-09-22,bible,False
Asshur_fn,5) 亞述人：以西結書 27:23,5) Assyrians: Ezekiel 27:23,2025-09-22,bible,False
Casluh_fn,6) 非利士： 1 慢性 1:12,6) Philistines: 1 Chronicles 1:12,2025-09-22,bible,False
Cush_fn,7) 埃塞俄比亞 [ 荒地 ] : 2 王 19: 9,7) Ethiopian [Cushite]: 2 Kings 19:9,2025-09-22,bible,False
Edom_fn,8 ）以 Edomites ： 20 : 14-17,8) Edomites: Numbers 20:14-17,2025-09-22,bible,False
Moab_fn,9) 潮汐：申命記 23 : 3 、 4,"9) Moabites: Deuteronomy 23:3, 4",2025-09-22,bible,False
Ammon_fn,10) 安蒙石：約書亞 12:2,10) Ammonites: Joshua 12:2,2025-09-22,bible,False
Midian_fn,"11) 米迪亞石：數字 31:2,3","11) Midianites: Numbers 31:2, 3",2025-09-22,bible,False
Amalek_fn,12) 阿馬利奇特： 1 撒母耳書 15: 2,12) Amalekites: 1 Samuel 15:2,2025-09-22,bible,False
Teman_fn,13) 特曼石：約伯 42:7,13) Temanites: Job 42:7,2025-09-22,bible,False
Sidon_fn,14) 西多尼亞人：撒迦利亞書 9: 2,14) Sidonians: Zechariah 9:2,2025-09-22,bible,False
Heth_fn,15) 希特人：創世記 15:20,15) Hittites: Genesis 15:20,2025-09-22,bible,False
Jebusite_fn,16) 約書亞 15: 63,16) Jebusites: Joshua 15:63,2025-09-22,bible,False
Judith,朱迪斯？,Judith?,"Genesis 26:34, 35",bible,False
Lud_fn,17) 利迪亞人 : 1 : 1 : 17,17) Lydians: 1 Chronicles 1:17,"Jewish Antiquities, I, 143, 144 [vi, 4]",bible,False
Ishmael_fn,18) 伊斯馬利派：創世記 37:27,18) Ishmaelites: Genesis 37:27,2025-09-22,bible,False
Amorite_fn,19) 阿摩利人：法官 6:10,19) Amorites: Judges 6:10,2025-09-22,bible,False
Hivite_fn,20) 希維特 [ 吉峽 ] : 約書亞 9: 3 、 7,"20) Hivites [Gibeon]: Joshua 9:3, 7",Gibeonites,bible,False
Cain,凱恩,Cain,"Genesis 4:1, son Enoch same name as other",bible,False
Abel,阿貝爾,Abel,Genesis 4:2,bible,False
Irad,伊拉德,Irad,Genesis 4:18,bible,False
Mehujael,梅胡賈爾,Mehujael,Genesis 4:18,bible,False
Methushael,梅圖沙爾,Methushael,"Genesis 4:18, son Lamech same as other",bible,False
Jabal,賈巴爾,Jabal,"Genesis 4:20 living in tents, have livestock",bible,False
Jubal,朱巴爾,Jubal,Genesis 4:21 play harp and pipe,bible,False
Zillah,齊拉,Zillah,"Genesis 4:19, Adah is also a wife of Esau",bible,False
Tubal-cain,圖巴犬,Tubal-cain,Genesis 4:22 tool of copper and iron,bible,False
Naamah,納馬,Naamah,Genesis 4:22 his sister,bible,False
Rehoboam,羅波安,Rehoboam,first king of southern kingdom of Juda,A6-A,False
Abijah,阿比雅（阿比雅）,Abijah (Abijam),"3 years, also Abijam",A6-A,False
Asa,阿薩,Asa,A6-A,A6-A,False
Jehoshaphat,約沙法,Jehoshaphat, ,A6-A,False
Jehoram2,約蘭,Jehoram, ,A6-A,False
Ahaziah,亞哈謝,Ahaziah, ,A6-A,False
Athaliah,亞他利雅王后,Queen Athaliah,Queen Athaliah,A6-A,False
Jehoash,約阿施,Jehoash, ,A6-A,False
Amaziah,亞瑪謝,Amaziah, ,A6-A,False
Uzziah,乌西雅（亞撒利雅）,Uzziah (Azariah),also Azariah,A6-A,False
Jeroboam,耶羅波安,Jeroboam,first king of northern 10-tribe kingdom,A6-A,False
Nadab,納達布,Nadab,less than 2,A6-A,False
Baasha,巴沙,Baasha, ,A6-A,False
Elah,以拉,Elah, ,A6-A,False
Zimri,齐姆里,Zimri,Only 7 days in ca. 751 BCE,A6-A,False
OmriTibni,Omri同Tibni喺一齐,Omri and Tibni together,4 years Omri and Tibni,A6-A,False
Omri,Omri （單獨）,Omri (alone),from 947 Omri alone,A6-A,False
Ahab,亞哈,Ahab, ,A6-A,False
Jehoram,約蘭,Jehoram, ,A6-A,False
Jehu,耶戶,Jehu, ,A6-A,False
Jeoahaz,热瓦哈兹,Jeoahaz, ,A6-A,False
JeoahazJehoash,约哈斯同约阿施,Jeoahaz and Jehoash,For 3 years Jeoahaz and Jeoash reigned together,A6-A,False
Jehoash2,約阿施（獨自一人）,Jehoash (alone),Jehoash (alone),A6-A,False
Jeroboam2,耶罗波安二世,Jeroboam II, ,A6-A,False
Elijah,以利亞,Elijah, ,A6-A,False
Elisha,以利沙,Elisha, ,A6-A,False
Jonah,約拿,Jonah, ,A6-A,False
Amos,阿莫斯,Amos, ,A6-A,False
Joel,乔尔,Joel, ,A6-A,False
Jotham,约坦,Jotham,A6-B,A6-B,False
Ahaz,亚哈斯,Ahaz, ,A6-B,False
Hezekiah,希西屋企,Hezekiah, ,A6-B,False
Manasseh,瑪拿西,Manasseh, ,A6-B,False
Amon,阿蒙,Amon, ,A6-B,False
Josiah,約西亞,Josiah, ,A6-B,False
Jehoahaz,约哈斯,Jehoahaz,Only 3 months,A6-B,False
Jehoiakim,約雅敬,Jehoiakim, ,A6-B,False
Jehoiachin,約雅斤,Jehoiachin,Only 3 months 10 days,A6-B,False
Zedekiah,西底家,Zedekiah, ,A6-B,False
Zechariah,撒迦利亞,Zechariah,"reign only recorded 6 months, probably only established 792 BCE",A6-B,False
Schallum,沙勒姆,Schallum,only one month,A6-B,False
Menahem,梅纳赫姆,Menahem, ,A6-B,False
Pekahiah,佩卡希亚,Pekahiah, ,A6-B,False
Pekah,佩卡,Pekah, ,A6-B,False
Hoshea,霍謝,Hoshea,9 years from c. 748,A6-B,False
Hosea,何西阿,Hosea, ,A6-B,False
Isaiah,以賽亞書,Isaiah, ,A6-B,False
Micah,彌迦,Micah, ,A6-B,False
Zephaniah,西番雅,Zephaniah, ,A6-B,False
Nahum,果鴻,Nahum, ,A6-B,False
Jeremiah,耶利米,Jeremiah, ,A6-B,False
Habakuk,哈巴谷,Habakuk, ,A6-B,False
Daniel,丹尼尔,Daniel, ,A6-B,False
Ezekiel,以西結,Ezekiel, ,A6-B,False
Obadiah,俄巴底亞,Obadiah, ,A6-B,False
Babylon,"但以理书 2:32, 36-38; 7:4","Daniel 2:32, 36-38; 7:4", ,B9,False
Medopersia,"但以理书 2:32, 39; 7:5","Daniel 2:32, 39; 7:5", ,B9,False
Greece,"但以理书 2:32, 39; 7:6","Daniel 2:32, 39; 7:6", ,B9,False
Rome,"但以理书 2:33, 40; 7:7","Daniel 2:33, 40; 7:7", ,B9,False
Angloamerica,"但以理书 2:33, 41-43","Daniel 2:33, 41-43", ,B9,False
Babylon_c,巴比伦,Babylon, ,B9,False
Medopersia_c,米底亚－波斯,Medo-Persia, ,B9,False
Greece_c,希腊,Greece, ,B9,False
Rome_c,罗马,Rome, ,B9,False
Angloamerica_c,英美,Anglo-America, ,B9,False
daniel2_1,尼布甲尼撒王,King Nebuchadnezzar,607 BCE,B9,False
daniel2_2,摧毁耶路撒冷,destroys Jerusalem,appendix B9,B9,False
daniel2_3,征服巴比伦,Conquers Babylon,539 BCE,B9,False
daniel2_4,居鲁士下旨让犹,Cyrus decrees return,537 BCE,B9,False
daniel2_5,太人返回耶路撒冷,of Jews to Jerusalem, ,B9,False
daniel2_6,亚历山大,Alexander the Great,331 BCE,B9,False
daniel2_7,大帝征服波斯,conquers Persia, ,B9,False
daniel2_8,开始统治以色列,Rules over Israel,63 BCE,B9,False
daniel2_9,摧毁耶路撒冷,Destroys Jerusalem,70 CE,B9,False
daniel2_10,第一次世界大战期间，,"During World War I,",1914-1918 CE,B9,False
daniel2_11,英美世界霸权崛起,Anglo-American World Power, ,B9,False
daniel2_12,嚟到存在,comes into being,End 4.2,B9,False
607BCE,公元前 607 年,607 B.C.E.,accommodate for language,B9,False
539BCE,公元前 539 年,539 B.C.E.,systems in style:,B9,False
537BCE,公元前 537 年,537 B.C.E.,>>year 537 before time<<,B9,False
331BCE,公元前 331 年,331 B.C.E.,so they need a word,B9,False
63BCE,公元前 63 年,63 B.C.E.,prior to the year,B9,False
70CE,70 C.E.,70 C.E.,and something,B9,False
1914CE,1914-1918 公元 1918 年。,1914-1918 C.E.,after the year,B9,False
7times,啟示錄12：9,Revelation 12:9, ,scripture,False
infliction2,使徒行傳7：6,Acts 7:6, ,scripture,False
eastern-zhou,公元前770-256年,770-256 BC, ,span_bc,False
430years,1943 年 - 公元前 1513 年。,1943 – 1513 B.C.E., ,span_bce,False
eastern-han,公元25-220年,25-220 CE, ,span_ce,False
northern-dynasties,公元368-581年,368-581 CE, ,span_ce,False
southern-dynasties,公元420-589年,420-589 CE, ,span_ce,False
khmer_empire,804 – 1431,804 – 1431, ,timespan,True
byzantine_empire,330 – 1453,330 – 1453, ,timespan,True
ottoman_empire,1299 – 1922,1299 – 1922, ,timespan,True
holy_roman_empire,800 – 924,800 – 924, ,timespan,True
holy_roman_empire2,962 – 1806,962 – 1806,fixed 2024-12-31,timespan,True
inca_empire,1438 – 1533,1438 – 1533, ,timespan,True
gupta_empire,319 – 550,319 – 550, ,timespan,True
Umayyad,661 – 750,661 – 750, ,timespan,True
Abbasid,750 – 1258,750 – 1258, ,timespan,True
Mamluk,1250 – 1517,1250 – 1517, ,timespan,True
seljuk_empire,1037 – 1194,1037 – 1194,"Seljuk Empire 1037-1194, part of Seljuk dynasty 1037-1308",timespan,True
lombard,568 – 774,568 – 774,Kingdom of the Lombards 568-774,timespan,True
qing-dynasty,1636-1912,1636-1912, ,timespan,True
ming-dynasty,1368-1644,1368-1644, ,timespan,True
yuan-dynasty,1271-1368,1271-1368, ,timespan,True
southern-song,1127-1279,1127-1279, ,timespan,True
northern-song,960-1127,960-1127, ,timespan,True
western-xia,1038-1227,1038-1227, ,timespan,True
maya_classic,250–950,250–950, ,timespan,True
maya_postclassic,950-1539,950-1539, ,timespan,True
tran_dynasty,1225–1400,1225–1400, ,timespan,True
le_dynasty,1428–1527,1428–1527,triều Lê sơ or Vietnamese: nhà Lê sơ,timespan,True
revival_le_dynasty,1533-1789,1533-1789, ,timespan,True
nguyen_dynasty,1802 – 1883,1802 – 1883, ,timespan,True
edo,1603 – 1868,1603 – 1868, ,timespan,True
meiji,1868 – 1912,1868 – 1912, ,timespan,True
Julius,朱利叶斯,Julius, ,wiki,False
Caligula,卡利古拉,Caligula, ,wiki,False
Nero,尼祿,Nero, ,wiki,False
Galba-Otho-Vitellius,加爾巴、奧托同維特利烏斯（四皇之年）,"Galba, Otho and Vitellius (Year of the Four Emperors)", ,wiki,False
Vespasian,維斯帕先,Vespasian, ,wiki,False
covid19,Covid-19嘅,Covid-19, ,wiki,False
nicaea1,尼西亞第一届大公會議,First Council of Nicaea, ,wiki,False
oxyrhynchus,Oxyrhynchus紙莎草紙,Oxyrhynchus Papyri, ,wiki,False
p52,紙莎草紙P52,Papyrus P52, ,wiki,False
qing-dynasty_c,清朝,Qing dynasty,1636-1912,wiki,False
ming-dynasty_c,中國帝國嘅明朝,Ming dynasty in imperial China,1368-1644,wiki,False
yuan-dynasty_c,文,Yuan,1271-1368,wiki,False
southern-song_c,南宋,Southern Song,1127-1279,wiki,False
northern-song_c,北宋,Northern Song,960-1127,wiki,False
western-xia_c,西夏,Western Xia,1038-1227,wiki,False
Copernicus,尼古拉斯·哥白尼,Nicolaus Copernicus, ,wiki,False
Galileo,伽利略·伽利萊,Galileo Galilei,Galileo di Vincenzo Bonaiuti de' Galilei,wiki,False
Newton,牛頓,Isaac Newton, ,wiki,False
shang-dynasty_c,商代,Shang dynasty,c. 1600-1046 BC,wiki,False
western-zhou_c,西周,Western Zhou,c. 1046-771 BC,wiki,False
eastern-zhou_c,東部周,Eastern Zhou,770-256 BC,wiki,False
western-han_c,西漢,Western Han,207 BC – 9 CE,wiki,False
eastern-han_c,東漢,Eastern Han,25-220 CE,wiki,False
three-kingdoms_c,中國,China,Three kingdoms 220-280 CE,wiki,False
sixteen-kingdoms_c,中國,China,Sixteen kingdoms 304-439 CE,wiki,False
northern-dynasties_c,南北朝,Northern dynasties,368-581 CE,wiki,False
southern-dynasties_c,南北朝,Southern dynasties,420-589 CE,wiki,False
tang-dynasty2_c,唐代,Tang dynasty,"618-690, 705-907",wiki,False
byzantine_empire_c,拜占庭帝國,Byzantine Empire, ,wiki,False
ottoman_empire_c,奧斯曼帝國,Ottoman Empire, ,wiki,False
Genghis,成吉思汗,Genghis Khan, ,wiki,False
inca_empire_c,印加帝國,Inca empire, ,wiki,False
gupta_empire_c,古普塔帝國,Gupta Empire, ,wiki,False
Teotihuacan_c,特奧蒂瓦坎,Teotihuacan, ,wiki,False
Abbasid_c,阿巴斯德卡利法,Abbasid Caliphate, ,wiki,False
Mamluk_c,馬姆魯克蘇丹國,Mamluk Sultanate, ,wiki,False
Al-Ghazali,加扎利,Al-Ghazali,2024-07-30,wiki,False
wulfila,維拉拉聖經,Wulfila Bible,2025-09-20,wiki,False
tran_dynasty_c,Tr ầ n 王朝,Trần dynasty, ,wiki,False
le_dynasty_c,拉王朝,Lê dynasty, ,wiki,False
revival_le_dynasty_c,Tr ị nh 主同尼古伊主,Trịnh lords and Nguyễn lords,"Nhà Lê trung hưng, Revival Lê dynasty",wiki,False
seljuk_empire_c,塞爾吉克帝國,Seljuk empire, ,wiki,False
vandals_c,破壞者,Vandals, ,wiki,False
lombard_c,倫巴德王國,Lombard Kingdom,2025-10-13,wiki,False
people,人,people, ,deprecated,False
judges,法官,judges, ,deprecated,False
prophets,先知,prophets, ,deprecated,False
kings,國王,kings, ,deprecated,False
periods,時期,periods, ,deprecated,False
events,事件,events, ,deprecated,False
objects,對象或項目,objects or items, ,deprecated,False
event_destruction_samaria2,公元前740年，亞述,740 B.C.E. by Assyria,was shortened here for 2 lines,deprecated,False
photodrama,1914年1月11日，徜徉創造嘅攝影劇徜徉喺紐約首次展出,"The “Photo-Drama of Creation” is first shown in New York on January 11, 1914", ,deprecated,False
truth_book,1968年出版嘅《通往永生嘅真理》一書,The book “The Truth That Leads to Eternal Life” is released 1968, ,deprecated,False
jw_broadcasting,2014年10月jw.broadcasting開播,Start of JW Broadcasting® in October 2014, ,deprecated,False
meeting_workbook,由2016年1月開始，採用“會議工作簿”嘅周中會議新形式,New format of midweek meeting with “Meeting Workbook” starting January 2016, ,deprecated,False
terahfam,Terah家人,Members of Terah’s family, ,deprecated,False
metropolitan,2011年開始大都會見證,Start of metropolitan witnessing in 2011, ,deprecated,False
jw_org,2012年12月，在王國事工中開始 JW.ORG,Start of JW.ORG with instructions in Kingdom Ministry December 2012, ,deprecated,False
Babylon2, , ,no text left and right – empty!,deprecated,False
daniel2_shift,0,0,Start 4.2,deprecated,False
Gatam,加塔姆,Gatam, ,deprecated,False
Adbeel,阿德比爾,Adbeel, ,deprecated,False
Mibsam,米布薩姆,Mibsam, ,deprecated,False
Dumah,杜馬,Dumah, ,deprecated,False
Massa,馬薩,Massa, ,deprecated,False
tang-dynasty1, , , ,deprecated,False
xia-dynasty,中國夏朝約公元前2070年–約公元前1600年,Xia dynasty in China c. 2070 – c. 1600 BC, ,deprecated,False
Midianites,"1) 米迪亞石：數字 31:2,3","1) Midianites: Numbers 31:2, 3", ,deprecated,False
Moabites,"2) 潮汐：申命記 23:3,4","2) Moabites: Deuteronomy 23:3, 4", ,deprecated,False
Ammonites,3) 安蒙石：約書亞 12:2,3) Ammonites: Joshua 12:2, ,deprecated,False
Edomites,4) 以 Edomites ：數字 20 : 14-17,4) Edomites: Numbers 20:14-17, ,deprecated,False
Temanites,5) 特曼石：約伯 42:7,5) Temanites: Job 42:7, ,deprecated,False
Amalekites,6) 阿馬基人 : 1 薩穆爾 15: 2,6) Amalekites: 1 Samuel 15:2,2024-09-29,deprecated,False
king_south_light, , ,2025-02-05,deprecated,False
king_north_light, , ,2025-02-05,deprecated,False
daniel2_iron, , ,2025-02-05,deprecated,False
timeline_created,"呢條時間綫創建于2023年，係人類歷史上最熱的一年，也是過去125,000年","This timeline is created in 2023, the hottest year in human history and the last 125,000 years", ,deprecated,False
