key,english,text,notes
version,6.06,6.06, 
pdf_title,6000 years human history visualized,"6,000 ປີປະຫວັດສາດຂອງມະນຸດເຫັນ",2026-06-27
pdf_subject,Timeline of humankind,ໄລຍະເວລາຂອງມະນຸດ, 
BCE,B.C.E.,ກ່ອນ ຄ.ສ. ,appendix B9
CE,C.E.,ຄ.ສ. , 
month,month,ເດືອນ, 
months,months,ເດືອນ, 
day,day,ມື້, 
days,days,ມື້, 
to,to,ກັບ, 
Deluge,Deluge,ນໍ້າຖ້ວມ, 
moses2,1593 to 1473 B.C.E. – 120 years,1593 ຫາ 1473 ກ່ອນ ຄ.ສ. – 120 ປີ, 
temple1,Nisan 1513 B.C.E. to Ziv 1034 B.C.E.,ນີຊານ 1513 ກ່ອນ ຄ.ສ. ເຖິງ Ziv 1034 B.C.E., 
69weeks,Jesus baptized autumn 29 C.E.,ພະ​ເຍຊູ​ຮັບ​ບັບເຕມາ​ໃນ​ລະດູ​ໃບ​ໄມ້​ປົ່ງ​ໃນ​ປີ 29 ສ., 
year,year,ປີ,"timespan, age (Adam was 130 years old when Shem was born)"
years,years,ປີ, 
years_age,years,ປີ,"years when used as age for a person (different word than years in some languages), like he is 23 years old"
age_kings, , ,"if the word ""year"" appears after the numeral, like ""at the age of 35 years"""
wilderness,Israel in the wilderness 1513 to 1473 B.C.E. – 40 years,ອິດ​ສະ​ຣາ​ເອນ​ໃນ​ຖິ່ນ​ແຫ້ງ​ແລ້ງ​ກັນ​ດານ 1513 ຫາ 1473 BC. – 40 ປີ, 
timespan_judges,1473 to 1117 B.C.E. – 356 years,1473 ຫາ 1117 ກ່ອນ ຄ.ສ. – 356 ປີ, 
timespan_judges2,Time of the judges,ເວລາຂອງຜູ້ພິພາກສາ, 
temple2,479 years until the temple construction – 1 Kings 6:1,479 ປີ​ຈົນ​ກວ່າ​ການ​ສ້າງ​ພຣະ​ວິຫານ—1 ກະສັດ 6:1,1034 BCE
69weeks2,69 weeks to the Messiah – Daniel 9:25,69 ອາທິດ​ຕໍ່​ພຣະ​ເມ​ຊີ​ອາ—ດານຽນ 9:25, 
jesus_service,"3.5 years of Jesus service, executed Nisan 14th, 33 C.E.","3.5 ປີ​ຂອງ​ການ​ຮັບໃຊ້​ພະ​ເຍຊູ, ຖືກ​ປະຫານ​ຊີວິດ​ໃນ​ວັນ​ທີ 14 ເດືອນ​ນີຊານ, 33 ສ.", 
jesus_life,Jesus born 2 B.C.E.,ພະ​ເຍຊູ​ເກີດ 2 ປີ ກ່ອນ ຄ., 
exile,607 to 537 B.C.E. – 70 years (Jeremiah 25:11),607 ຫາ 537 ກ່ອນ ຄ.ສ. — 70 ປີ (ເຢ​ເລ​ມີ 25:11), 
exile2,Exile,ເນລະເທດ, 
7times2,7 times – 2520 years to the Messianic Kingdom 1914 C.E. (Daniel 4:23),7 ຄັ້ງ – 2520 ປີ​ເຖິງ​ລາຊະອານາຈັກ​ເມຊີ​ໃນ​ປີ 1914 CE (ດາ​ນີ​ເອນ 4:23), 
ww1,World War I – 1914–1918,ສົງຄາມໂລກຄັ້ງທີ 1 – 1914–1918, 
ww2,World War II – 1939–1945,ສົງຄາມໂລກຄັ້ງທີ II – 1939–1945, 
30_year_war,Thirty Years' War in Europe 1618-1648,ສົງຄາມສາມສິບປີໃນເອີຣົບ 1618-1648, 
joshua,110 years,110 ປີ, 
caleb,more than 85 years,ຫຼາຍກວ່າ 85 ປີ, 
missionary1,"First Missionary Journey of Paul, c. 47-48 C.E. with Barnabas and John Mark","ການເດີນທາງເຜີຍແຜ່ຄັ້ງທໍາອິດຂອງໂປໂລ, ຄ. 47-48 CE ກັບ Barnabas ແລະ John Mark", 
circumcision,"Circumcision issue at Antioch, conference in Jerusalem c. 49 C.E.","ບັນຫາ​ຕັດ​ສິນ​ຢູ່​ເມືອງ​ອັນຕີອົກ, ກອງ​ປະຊຸມ​ໃນ​ນະຄອນ​ເຢຣູຊາເລັມ ຄ. 49 ຄ.ສ.", 
missionary2,Second Missionary Journey c. 49-52 C.E with Silas (Silvanus),ການເດີນທາງເຜີຍແຜ່ຄັ້ງທີສອງ ຄ. 49-52 C.E ກັບ Silas (Silvanus), 
missionary3,Third Missionary Journey c. 52-56 C.E.,ການເດີນທາງເຜີຍແຜ່ຄັ້ງທີສາມ ຄ. 52-56 ຄ.ສ., 
caesarea,Paul in custody in Caesarea c. 56-58 C.E.,ໂປໂລ​ຖືກ​ຄຸມ​ຂັງ​ຢູ່​ໃນ​ເມືອງ Caesarea ຄ. 56-58 ຄ.ສ., 
rome1,Paul’s first imprisonment in Rome c. 59-61 C.E.,ການ​ຈໍາ​ຄຸກ​ຄັ້ງ​ທໍາ​ອິດ​ຂອງ​ໂປ​ໂລ​ໃນ Rome ຄ. 59-61 ຄ.ສ., 
rome2,"Paul’s second imprisonment in Rome c. 65 C.E., 2 Timothy written, Paul executed","ການ​ຈໍາ​ຄຸກ​ຄັ້ງ​ທີ​ສອງ​ຂອງ​ໂປ​ໂລ​ໃນ Rome ຄ. 65 CE, 2 ຕີໂມເຕຂຽນ, ໂປໂລໄດ້ປະຫານຊີວິດ", 
event_exodus,"Exodus from Egypt on Nisan 14th, 1513 B.C.E.","ອົບພະຍົບອອກຈາກປະເທດເອຢິບໃນວັນທີ 14 ເດືອນນີຊານ, 1513 ກ່ອນ ຄ.ສ.", 
event_division_kingdom,Division of Israel 997 BCE,ການ​ແບ່ງ​ແຍກ​ອິດ​ສະ​ຣາ​ເອນ 997 BC, 
event_destruction_samaria,Destruction of Samaria 740 B.C.E. by Assyria,ການທໍາລາຍຊາມາເລຍ 740 ກ່ອນ ຄ.ສ. ໂດຍ ອັດ ຊີ ເຣຍ,Destruction of Samaria 740 B.C.E. by Assyria
event_destruction_jerusalem1,"Destruction of Jerusalem 607 B.C.E. by Babylon, 390 years after the division of the kingdom (Ezekiel 4:5)","ການທໍາລາຍເຢຣູຊາເລັມ 607 ກ່ອນ ຄ.ສ. ໂດຍ Babylon, 390 ປີ​ຫຼັງ​ຈາກ​ການ​ແບ່ງ​ປັນ​ຂອງ​ອາ​ນາ​ຈັກ (Ezekiel 4:5​)", 
event_temple_rebuilt,Temple in Jerusalem rebuilt 515 B.C.E.,ວິຫານ​ໃນ​ນະຄອນ​ເຢຣູຊາເລັມ​ໄດ້​ສ້າງ​ຂຶ້ນ​ໃໝ່​ໃນ​ປີ 515 ກ່ອນ ຄ.ສ., 
event_jerusalem_rebuilt,Jerusalem wall rebuilt 455 B.C.E.,ກໍາ​ແພງ​ເຢ​ຣູ​ຊາ​ເລັມ​ໄດ້​ສ້າງ​ຂຶ້ນ​ໃຫມ່​ໃນ 455 BC., 
event_destruction_jerusalem2,Destruction of Jerusalem 70 C.E. by Rome under Titus,ການທໍາລາຍເຢຣູຊາເລັມ 70 CE ໂດຍ Rome ພາຍໃຕ້ Titus, 
event_1914,"End of the time of the nations (Luke 21:24), God’s Kingdom starts to rule in heaven 1914 C.E.","ສິ້ນ​ສຸດ​ເວລາ​ຂອງ​ຊາດ (ລືກາ 21:24), ລາຊະອານາຈັກ​ຂອງ​ພະເຈົ້າ​ເລີ່ມ​ປົກຄອງ​ໃນ​ສະຫວັນ​ໃນ​ປີ 1914 ຈ.ສ.",include scripture Luke 21:24
became_king,becomes king at age,ກາຍເປັນກະສັດເມື່ອອາຍຸສູງສຸດ,2025-04-14
vulgate,Vulgate completed by Jerome (Latin translation of the bible) c. 405 C.E.,Vulgate ສໍາເລັດໂດຍ Jerome (ຄໍາແປລາຕິນຂອງຄໍາພີໄບເບິນ) ຄ. 405 ຄ.ສ., 
gutenberg,Gutenberg Bible printed 1455,ຄໍາພີ Gutenberg ພິມໃນປີ 1455, 
erasmus,Greek text of Christian Greek Scriptures published by Desiderius Erasmus of Rotterdam 1516,ຂໍ້​ຄວາມ​ຂອງ​ພະ​ຄຳພີ​ຄລິດສະຕຽນ​ພາສາ​ເກັຣກ​ທີ່​ພິມ​ຈຳໜ່າຍ​ໂດຍ Desiderius Erasmus ແຫ່ງ Rotterdam ປີ 1516, 
luther,Luther Bible translation in September 1522,ການແປພຣະຄໍາພີ Luther ໃນເດືອນກັນຍາ 1522, 
tyndale,English Bible translation by Tyndale 1536,ການ​ແປ​ພາ​ສາ​ອັງ​ກິດ​ພະ​ຄໍາ​ພີ​ໂດຍ Tyndale 1536​, 
king_james,King James Bible 1611,King James Bible 1611, 
69weeks3,"Jesus starts his service 29 CE (Luke 3:1, 21)","ພະ​ເຍຊູ​ເລີ່ມ​ຮັບໃຊ້​ໃນ​ປີ 29 ສ.ສ. (ລືກາ 3:1, 21)", 
ransom,Middle of week “sacrifice to cease” Daniel 9:27,ໃນ​ກາງ​ອາ​ທິດ “ການ​ເສຍ​ສະ​ລະ​ເພື່ອ​ຢຸດ” ດາ​ນີ​ເອນ 9:27, 
cornelius,Cornelius baptized at the end of 70 weeks (Daniel 9:24) in 36 C.E.,ໂຄເນເລຍ​ໄດ້​ຮັບ​ບັບເຕມາ​ໃນ​ຕອນ​ທ້າຍ​ຂອງ 70 ອາ​ທິດ (ດາ​ນີ​ເອນ 9:24) ໃນ 36 CE., 
columbus,End of the pre-columbian period in the Americas 1492,ການສິ້ນສຸດຂອງຍຸກກ່ອນໂຄລໍາເບຍໃນອາເມລິກາ 1492, 
declaration_independence,Declaration of independence of 13 colonies in America 1776,ປະກາດເອກະລາດຂອງ 13 ອານານິຄົມໃນອາເມລິກາ 1776, 
tischendorf,Tischendorf discovers the Codex Sinaiticus from the 4th century in 1844,Tischendorf ຄົ້ນພົບ Codex Sinaiticus ຈາກສະຕະວັດທີ 4 ໃນປີ 1844, 
dead_sea_scrolls,Dead Sea Scrolls written,Dead Sea Scrolls ຂຽນ, 
septuagint,Septuagint LXX translated,Septuagint LXX ແປ, 
watchtower,The first issue of “Zion’s Watch Tower and Herald of Christ’s Presence” is published in 1879,ສະບັບ​ທຳອິດ​ຂອງ “ຫໍສັງເກດການ​ແຫ່ງ​ຊີໂອນ ແລະ​ການ​ປະກາດ​ການ​ມີ​ຢູ່​ຂອງ​ພະ​ຄລິດ” ຖືກ​ພິມ​ໃນ​ປີ 1879., 
jehovahs_witnesses,"The Bible Students adopt a new name – Jehovah’s Witnesses (Isaiah 43:10, 12) in Columbus, Ohio, 1931","ນັກ​ສຶກສາ​ຄຳພີ​ໄບເບິນ​ຮັບ​ເອົາ​ຊື່​ໃໝ່​ຄື: ພະຍານ​ພະ​ເຢໂຫວາ (ເອຊາອີ 43:10, 12) ໃນ​ເມືອງ​ໂຄລຳ​ບັສ ລັດ​ໂອ​ໄຮ​ໂອ, ປີ 1931.",include scripture
gilead_school,"Watchtower Bible School of Gilead begins on Monday, February 1, 1943",ໂຮງ​ຮຽນ Watchtower Bible of Gilead ເລີ່ມ​ຕົ້ນ​ໃນ​ວັນ​ຈັນ ທີ 1 ກຸມພາ 1943, 
new_world_translation1,"“New World Translation of the Holy Scriptures” released in Manchester, England on June 18, 1960, reintroduces the name Jehovah in many parts of the Bible",“ຄຳພີ​ໄບເບິນ​ສະບັບ​ແປ​ໂລກ​ໃໝ່” ທີ່​ພິມ​ຈຳໜ່າຍ​ໃນ​ເມືອງ​ແມນເຊັສເຕີ ປະ​ເທດ​ອັງກິດ​ໃນ​ວັນ​ທີ 18 ມິຖຸນາ 1960 ໂດຍ​ນຳ​ເອົາ​ຊື່​ຂອງ​ພະ​ເຢໂຫວາ​ຄືນ​ມາ​ໃນ​ຫຼາຍ​ພາກ​ຂອງ​ຄຳພີ​ໄບເບິນ.,hightlight reintroduction of Jehovah’s name
new_world_translation2,"Revised “New World Translation of the Holy Scriptures” released at annual meeting 2013, optimized to be used digitally and online","ສະບັບປັບປຸງ “ສະບັບແປໂລກໃໝ່ຂອງພະຄຳພີບໍລິສຸດ” ທີ່ອອກໃນກອງປະຊຸມປະຈຳປີ 2013, ປັບປຸງໃຫ້ເໝາະສົມເພື່ອໃຊ້ທາງດິຈິຕອລ ແລະທາງອິນເຕີເນັດ.",new edition with digital and online in mind
cold_war,Geopolitical situation labeled “Cold War” 1945-1991,"ສະ​ຖາ​ນະ​ການ​ທາງ​ພູ​ມິ​ສາດ​ການ​ເມືອງ​ທີ່​ມີ​ຊື່ ""ສົງ​ຄາມ​ເຢັນ​"" 1945-1991​", 
codex_sinaiticus,Codex Sinaiticus written,Codex Sinaiticus ຂຽນ, 
codex_vaticanus,Codex Vaticanus written,Codex Vaticanus ຂຽນ, 
leningrad_codex,Leningrad Codex written in Cairo AD 1008,Leningrad Codex ຂຽນໃນ Cairo AD 1008, 
john,John writes “revelation” while exiled on Patmos 96-98 C.E.,ໂຢຮັນ​ຂຽນ “ການ​ເປີດ​ເຜີຍ” ໃນ​ຂະນະ​ທີ່​ຖືກ​ເນລະ​ເທດ​ໃນ​ວັນ​ທີ 96-98 ​ສ., 
buddha,The Buddha – Siddhartha Gautama c.563-c.483 B.C.E,ພຣະພຸດທະເຈົ້າ - Siddhartha Gautama c.563-c.483 B.C.E, 
buddha2,Buddha alternatively c. 480-400 B.C.E.,ພຣະພຸດທະອົງໃນທາງກົງກັນຂ້າມ ຄ. 480-400 ກ່ອນ ຄ.ສ., 
mohammed,Mohammed c. 570-632,Mohammed ຄ. 570-632, 
confucius,Confucius c.551-c.479 B.C.E.,ຂົງຈື້ ຄ.551-c.479 ກ່ອນ ຄ.ສ., 
hijrah,Hijrah - Journey Mecca to Medina 16 July 622,Hijrah - Journey Mecca to Medina 16 ກໍລະກົດ 622, 
moses_escape,"1553 B.C.E. Moses has to escape Egypt – Exodus 2:15, Acts 7:23","1553 ກ່ອນ ຄ.ສ. ໂມເຊ​ຕ້ອງ​ໜີ​ອອກ​ຈາກ​ເອຢິບ—ອົບພະຍົບ 2:15, ກິດຈະການ 7:23", 
10plagues,1513 B.C.E Egypt receives 10 plagues,ປີ 1513 ກ່ອນ ຄ.ສ. ປະເທດເອຢິບໄດ້ຮັບໄພພິບັດ 10 ອັນ, 
joseph_sold,Joseph sold as slave at the age of 17 – Gen 37:2,ໂຢເຊບ​ຖືກ​ຂາຍ​ເປັນ​ທາດ​ຕອນ​ອາຍຸ 17 ປີ—ປຖກ 37:2, 
infliction,400 year infliction (Acts 7:6) – Ishmael 1913 B.C.E,ການ​ຂົ່ມ​ຂູ່ 400 ປີ (ກິດ​ຈະ​ການ 7:6) – ອິດ​ຊະ​ມາ​ເອນ 1913 BC., 
Alexander,Alexander the Great (Daniel 11:3),ອາ​ເລັກ​ຊັນ​ເດີ​ຜູ້​ຍິ່ງ​ໃຫຍ່ (ດາ​ນີ​ເອນ 11:3), 
persia,"Cyrus the Great, Cambyses II, Darius I 490 BCE, Xerxes I 480 BCE (husband of Esther, Daniel 11:2)","Cyrus the Great, Cambyses II, Darius I 490 BCE, Xerxes I 480 BCE (ຜົວ​ຂອງ Esther, Daniel 11:2)", 
king_north,"Seleucus I Nicator (v5) Syria to Antiochus III (v10) and Seleucus IV (v18, 19) down to Octavian (v20) and Tiberius (v21-24)","Seleucus I Nicator (v5) Syria ເຖິງ Antiochus III (v10) ແລະ Seleucus IV (v18, 19) ລົງໄປ Octavian (v20) ແລະ Tiberius (v21-24)", 
king_north1,King of the North,ກະສັດ​ແຫ່ງ​ພາກ​ເໜືອ, 
king_south,"Ptolemy I, II, III, IV (v11, 12), V (v15, 16) to the battle Actium 31 B.C.E.","Ptolemy I, II, III, IV (v11, 12), V (v15, 16) ກັບຮົບ Actium 31 B.C.E.", 
king_south1,King of the South,ກະສັດແຫ່ງພາກໃຕ້, 
king_south2,"British Empire 1870, Anglo-American World Power since 1914","ຈັກກະພັດອັງກິດ 1870, ມະຫາອຳນາດໂລກອັງກິດ-ອາເມລິກາ ຕັ້ງແຕ່ປີ 1914", 
king_south3,King of the South,ກະສັດແຫ່ງພາກໃຕ້, 
king_north2,"Germany with Emperor William I 1871 (v28), 1914 (v29), 1935 (v30b), 1939 (v31a)","ເຢຍລະມັນກັບ Emperor William I 1871 (v28), 1914 (v29), 1935 (v30b), 1939 (v31a)", 
king_north3,North,ເໜືອ, 
king_north4,"Soviet Union 1945-1991 (Daniel 11:32-39, 40b, 41)","ສະຫະພາບໂຊວຽດ 1945-1991 (ດານຽນ 11:32-39, 40b, 41)", 
king_north5,Russia since 2017 (w20 May),ຣັດເຊຍຕັ້ງແຕ່ປີ 2017 (w20 ພຶດສະພາ), 
time_of_end,"Presence of Christ, Conclusion of the system of things (Matthew 24:3), the last days (2 Timothy 3:1)","ການ​ສະ​ຖິດ​ຢູ່​ຂອງ​ພຣະ​ຄຣິດ, ສະ​ຫຼຸບ​ຂອງ​ລະ​ບົບ​ຂອງ​ສິ່ງ​ຕ່າງໆ (ມັດ​ທາຍ 24:3), ຍຸກ​ສຸດ​ທ້າຍ (2 ຕີ​ໂມ​ທຽວ 3:1).",scriptures written out
time_of_end2,Last days,ມື້ສຸດທ້າຍ, 
suryavaman2,King Suryavarman II builds Angkor Wat 1113-1150,ພະເຈົ້າສຸລິຍະຈັກກະພັດ 2 ສ້າງອັງກໍວັດ 1113-1150, 
notre-dame,Notre-Dame de Paris built 1163-1260,Notre-Dame de Paris ສ້າງ 1163-1260, 
babel,Tower of Babel built,ສ້າງ Tower of Babel, 
infliction1,400 year infliction,ຄວາມ​ເສຍ​ຫາຍ 400 ປີ,Acts 7:6
Lots_wife,Lot’s wife,ເມຍຂອງໂລດ, 
Lots_daughters,Daughters of Lot,ລູກສາວຂອງໂລດ, 
Moab,Moab (older daughter),ໂມອາບ (ລູກສາວໃຫຍ່),Genesis 19:37
rosetta,Rosetta stone 196 B.C.E.,ຫີນ Rosetta 196 ກ່ອນ ຄ.ສ., 
Herodotus,"Herodotus c. 484 – c. 425 BC, writes The Histories","Herodotus ຄ. 484 – ຄ. 425 BC, ຂຽນປະຫວັດສາດ",Father of History
Aristotle,Aristotle 384 – 322 BC,Aristotle 384 – 322 BC,"The First Teacher, The Philosopher"
Ptolemy,Ptolemy c 100 – c. 170 C.E.,Ptolemy ຄ 100 – ຄ. 170 ຄ.ສ., 
Pythagoras,Pythagoras c. 570 – c. 495 BC,Pythagoras ຄ. 570 – ຄ.ສ. 495 ປີ ກ່ອນ ຄ.ສ, 
Plato,Plato c. 427 – c. 348 BC,Plato ຄ. 427 – ຄ. 348 BC, 
Socrates,Socrates c. 470 – c. 399 BC,Socrates ຄ. 470 – ຄ. 399 BC, 
Josephus,Josephus c. 37 – c. 100 C.E.,ໂຢເຊບ ຄ. 37 – ຄ. 100 ຄ.ສ., 
Cicero,Cicero 106–43 BC,Cicero 106–43 BC,"influence on Latin language, 3 Jan 106 BC – 7 Dec 43 BC"
lachish_letters,Lachish letters c. 590 B.C.E.,ຕົວອັກສອນ Lachish ຄ. 590 ກ່ອນ ຄ.ສ., 
lachish_reliefs,Lachish reliefs c. 681 B.C.E.,ການບັນເທົາທຸກ Lachish ຄ. 681 ກ່ອນ ຄ.ສ., 
mesha_stele,Mesha Stele (Moabite stone) c. 840 B.C.E.,Mesha Stele (ຫີນ Moabite) ຄ. 840 ກ່ອນ ຄ.ສ.,w25/12 study article 50 paragraph 6
gilgamesh,Gilgamesh and Aga 𒇽𒆥𒄄𒀀𒀝𒂵,Gilgamesh ແລະ Aga 𒇽𒆥𒀝𒂵, 
epic_gilgamesh,Epic of Gilgamesh (Sîn-lēqi-unninni),Epic of Gilgamesh (Sîn-lēqi-unninni), 
gregorian,Gregorian calendar 1582,ປະຕິທິນ Gregorian 1582, 
shang-dynasty,c. 1600-1046 BC,ຄ. 1600-1046 ກ່ອນ ຄ.ສ, 
western-zhou,c. 1046-771 BC,ຄ. 1046-771 BC, 
qin-dynasty,Qin 221-207 BC,Qin 221-207 BC, 
western-han,207 BC – 9 CE,207 ກ່ອນ ຄ.ສ. – 9 ສ.ສ, 
three-kingdoms,Three kingdoms 220-280 CE,ສາມອານາຈັກ 220-280 CE, 
sixteen-kingdoms,Sixteen kingdoms 304-439 CE,ສິບຫົກອານາຈັກ 304-439 CE, 
tang-dynasty2,"618-690, 705-907","618-690, 705-907", 
wu-zhou,690-705 Wu Zhou,690-705 Wu Zhou, 
tang-dynasty1_c,Tang,ຕັງ, 
gonghe,Gonghe Regency 841-828 BC,Gonghe Regency 841-828 BC, 
Ashoka,Ashoka (c. 304-232 BC) promotes Buddhism,ອະໂສກ (ຄ.ສ 304-232 ກ່ອນ ຄ.ສ.) ສົ່ງເສີມພຸດທະສາສະໜາ, 
siloam-tunnel,Hezekiah extends Siloam tunnel,ເອເຊເກຍເຊຂະຫຍາຍອຸໂມງສີໂລອາມ,c. 742-732 BC
Angloamerica2,"Anglo-American is symbolized by the feet of iron mixed with clay in the prophecy in Daniel 2:33, 41-43","Anglo-American ແມ່ນສັນຍາລັກໂດຍຕີນຂອງທາດເຫຼັກປະສົມກັບດິນເຜົາໃນຄໍາພະຍາກອນໃນດານີເອນ 2: 33, 41-43.", 
Manetho,Manetho writes Aegyptiaca,Manetho ຂຽນ Aegyptiaca, 
destruction_babylon,"Destruction of Babylon the Great (Revelation 17:3, 15-18; 18:9, 10)","ການ​ທຳລາຍ​ບາບີໂລນ​ໃຫຍ່ (ພະນິມິດ 17:3, 15-18; 18:9, 10)",beginning of great tribulation (GT)
peace_security,"“Peace and security!” (1 Thessalonians 5:3, this is one possibility, QfR 26/2, 25/11)","""ສັນຕິພາບແລະຄວາມປອດໄພ!"" (1 ເທຊະໂລນີກ 5:3, ນີ້ແມ່ນຄວາມເປັນໄປໄດ້ຫນຶ່ງ, QfR 26/2, 25/11)","one possibility, see Questions from Readers"
gog_of_magog,"Attack of Gog of Magog (Ezekiel 38:1, 2, 9-12, 18-23)","ການ​ໂຈມ​ຕີ​ຂອງ​ໂກກ​ຂອງ​ມາໂກກ (ເອເຊກຽນ 38:1, 2, 9-12, 18-23)",end of GT
sheep_goat,"Earth’s inhabitants are judged, separating sheep and goats (Matthew 25:31-33)","ຜູ້​ອາ​ໄສ​ຢູ່​ໃນ​ໂລກ​ຖືກ​ພິ​ພາກ​ສາ, ແຍກ​ແກະ​ແລະ​ແບ້ (ມັດ​ທາຍ 25:31-33)",end of GT
annointed,Gathering of Kingdom rulers (Matthew 24:31; 1 Corinthians 15:50-53; 1 Thessalonians 4:15-17),ການ​ເຕົ້າ​ໂຮມ​ຜູ້​ປົກຄອງ​ຂອງ​ລາຊະອານາຈັກ (ມັດທາຍ 24:31; 1 ໂກລິນໂທ 15:50-53; 1 ເທຊະໂລນີກ 4:15-17),end of GT
armageddon,"Battle of Armageddon (Revelation 16:14, 16; Isaiah 13:9; 2 Peter 3:12)","ຮົບ​ຂອງ Armageddon (ພະ​ນິມິດ 16:14, 16; Isaiah 13:9; 2 Peter 3:12)",end of system of things
millenium,"God’s Kingdom begins its 1000-year reign (Revelation 5:9, 10; 20:4, 6)","ລາຊະອານາຈັກ​ຂອງ​ພະເຈົ້າ​ເລີ່ມ​ປົກຄອງ 1000 ປີ (ຄຳປາກົດ 5:9, 10; 20:4, 6)", 
great_crowd,"A great crowd survives Armageddon (Revelation 7:9, 14; Psalm 37:9-11)","ຝູງ​ຄົນ​ເປັນ​ຈຳນວນ​ຫລວງຫລາຍ​ລອດ​ຊີວິດ​ຈາກ​ອະລະມະເຄໂດນ (ຄຳປາກົດ 7:9, 14; ຄຳເພງ 37:9-11)", 
world_population,World population in billions in the last 2000 years,ປະຊາກອນໂລກຫຼາຍຕື້ຄົນໃນ 2000 ປີທີ່ຜ່ານມາ, 
khmer_empire_c,Khmer Empire - Angkor period,ອານາຈັກຂະເໝນ - ສະໄໝອັງກໍ, 
holy_roman_empire_c,Holy Roman Empire – known as Holy Roman Empire of the German Nation after 1512,ຈັກກະພັດໂຣມັນບໍລິສຸດ - ເປັນທີ່ຮູ້ຈັກໃນນາມຈັກກະພັດໂລມັນບໍລິສຸດຂອງຊາດເຢຍລະມັນຫຼັງປີ 1512, 
mongol_empire,Mongol Empire 1206 – 1294,ອານາຈັກມົງໂກນ 1206 – 1294, 
maya_classic_c,Maya civilization – Classic period,ພົນລະເຮືອນ Maya - ໄລຍະເວລາຄລາສສິກ, 
maya_postclassic_c,Maya civilization – Postclassic period,ອາ​ລະ​ຍະ​ທໍາ Maya – ໄລ​ຍະ​ເວ​ລາ Postclassic​, 
Teotihuacan,"Largest city in the Americas, pyramids build c. 200 C.E.","ເມືອງທີ່ໃຫຍ່ທີ່ສຸດໃນອາເມລິກາ, pyramids ກໍ່ສ້າງ c. 200 ຄ.ສ.", 
Dionysius_Exiguus,"Dionysius Exiguus, inventor of Anno Domini","Dionysius Exiguus, ຜູ້ປະດິດສ້າງຂອງ Anno Domini", 
Umayyad_c,Umayyad,Umayyad, 
ur3,Ur III Dynasty 𒋀𒀕𒆠,ລາຊະວົງ Ur III 𒋀𒀕𒆠, 
hammurabi,Hammurabi 𒄩𒄠𒈬𒊏𒁉,Hammurabi 𒄩𒄠𒈬𒊏𒁉, 
Al-Khwarizmi,al-Khwarizmi writes Al-Jabr (Algebra),al-Khwarizmi ຂຽນ Al-Jabr (Algebra), 
al-azhar,Al-Azhar University is established in Cairo,ມະຫາວິທະຍາໄລ Al-Azhar ຖືກສ້າງຕັ້ງຂຶ້ນໃນ Cairo, 
Ibn-Sina,Ibn Sina or Avicenna,Ibn Sina ຫຼື Avicenna, 
life-expectancy,Life expectancy 75 years,ອາຍຸຍືນ 75 ປີ, 
430years_c,"430 years: Exodus 12:41, Galatians 3:17","430 ປີ: Exodus 12:41, Galatians 3:17",2024-12-24
maya_calendar,"Calculated beginning of Maya calendar August 11, 3114 B.C.E.","ການ​ຄິດ​ໄລ່​ການ​ເລີ່ມ​ຕົ້ນ​ຂອງ​ປະ​ຕິ​ທິນ Maya ເດືອນ​ສິງ​ຫາ 11, 3114 B.C.E.",2024-12-25
xia-dynasty2,c. 2070 – c. 1600 BC; Era first alluded during the Western Zhou period,ຄ. 2070 – ຄ. 1600 BC; ຍຸກ​ທຳອິດ​ເວົ້າ​ເຖິງ​ສະໄໝ​ໂຈ່​ວຕາເວັນຕົກ,2025-01-02
xia-dynasty2_c,Xia dynasty in China,ລາຊະວົງ Xia ໃນປະເທດຈີນ, 
tres_zapotes,"September 3rd, 32 B.C.E.","ວັນທີ 3 ກັນຍາ, 32 ກ່ອນ ຄ.ສ.",2024-12-31
joseph_jacob_reunited,Joseph and Jacob reunited in Egypt – 1728 B.C.E. (Gen 45:11; 47:9),ໂຢເຊບ​ແລະ​ຢາໂຄບ​ໄດ້​ເຕົ້າ​ໂຮມ​ກັນ​ອີກ​ໃນ​ປະເທດ​ເອຢິບ—ປີ 1728 ກ່ອນ ຄ.ສ. (ປະຖົມມະການ 45:11; 47:9),2025-01-01
king_south_light_c,King of the South from Daniel 11,ກະສັດແຫ່ງພາກໃຕ້ຈາກດານີເອນ 11,2025-02-05
king_north_light_c,King of the North from Daniel 11,ກະສັດ​ແຫ່ງ​ພາກ​ເໜືອ​ຈາກ​ດານີເອນ 11,2025-02-05
daniel2_iron_c,Iron legs from Daniel 2,ຂາທາດເຫຼັກຈາກ Daniel 2,2025-02-05
argenteus,Codex Argenteus c. 505,Codex Argenteus ຄ. 505,written copy of Wulfila Bible
nguyen_dynasty_c,Nguyễn,ຫງຽນ,2025-09-20
edo_c,Edo period in Japan,ໄລຍະ Edo ໃນຍີ່ປຸ່ນ,Edo period (Tokugawa shogunate)
meiji_c,Meiji,ເມຈິ,2025-09-20
american_civil_war,American Civil War 1861-1865,ສົງຄາມກາງເມືອງອາເມຣິກາ 1861-1865,"April 12, 1861 to May 26, 1865"
aleppo_codex,Aleppo Codex c. 920,Aleppo Codex ຄ. 920,2025-10-03
vandals,Kingdom of the Vandals and Alans 435 – 534,ອານາຈັກຂອງ Vandals ແລະ Alans 435 – 534,Vandals 435-534 C.E.
francia,"c. 481/509 – 843, Merovingian till 751, then Carolingian","ຄ. 481/509 – 843, Merovingian ຈົນເຖິງ 751, ຈາກນັ້ນ Carolingian",Kingdom of the Franks (Regnum Francorum) c. 481/509-843 treaty of Verdun
francia_c,Kingdom of the Franks,ອານາຈັກຂອງ Franks ໄດ້, 
100_years_war,Hundred Years’ War 1337 – 1453,ສົງຄາມຮ້ອຍປີ 1337-1453,1337–1453
black_death,Black death 1346-1353,ການເສຍຊີວິດສີດໍາ 1346-1353,1346-1353
sui_dynasty,581-618 Sui dynasty,581-618 ລາຊະວົງ Sui,2025-11-09
sui_dynasty_c,Sui,ສຸຍ,2025-11-09
tribulation,"The Great Tribulation (Mark 13:19; Daniel 12:1; Matt 24:21, 22)","ຄວາມ​ທຸກ​ລຳບາກ​ຄັ້ງ​ໃຫຍ່ (ມາລະໂກ 13:19; ດານີເອນ 12:1; ມັດທາຍ 24:21, 22)", 
Adam,Adam,ອາດາມ,Luke 3:38
Seth,Seth,ເຊດ,Luke 3:38
Enosh,Enosh,ເອໂນດ,Luke 3:38
Kenan,Kenan (Cainan),ເຄນານ (ເຄນານ),"Genesis 5:12, Luke 3:37"
Mahalalel,Mahalalel (Mahalaleel),ມາຮາລາເລນ,"Genesis 5:15, Luke 3:37"
Jared,Jared,ຢາເຣັດ,Luke 3:37
Enoch,Enoch,ເອນົກ,Luke 3:37
Methuselah,Methuselah,ເມທູເຊລາ,Luke 3:37
Lamech,Lamech,ລາເມັກ,Luke 3:36
Noah,Noah,ໂນອາ,Luke 3:36
Shem,Shem,ເຊມ,Luke 3:36
Arpachshad,Arpachshad,ອາ​ປາ​ຊ​ຊາດ,Luke 3:36
Shelah,Shelah,ເຊລາ,Luke 3:35
Eber,Eber,ອີເບີ,Luke 3:35
Peleg,Peleg,Pleg,Luke 3:35
Reu,Reu,ຣູ,Luke 3:35
Serug,Serug,Serug,Luke 3:35
Nahor,Nahor,ນາໂຮ,"Luke 3:34, Genesis 11:24"
Terah,Terah,ເທຣາ,Luke 3:34
Abraham,Abraham,ອັບຣາຮາມ,Luke 3:34
Isaac,Isaac,ອີຊາກ,Luke 3:34
Jacob,Jacob,ຢາໂຄບ,Luke 3:34
Joseph,Joseph,ໂຈເຊັບ,Genesis 37
Moses,Moses,ໂມເຊ,Exodus 2:10
Othniel,Othniel,ໂອດນີເອນ,Judges 3:9-11
Ehud,Ehud,ເອຮຸດ,Judges 3:15-18
Shamgar,Shamgar,ຊາມກາ,Judges 3:31
Barak,"Barak, Deborah, Jael","ບາຣັກ, ເດໂບຣາ, ຢາເອນ",Judges 4:6
Gideon,Gideon,ກີເດໂອນ,Judges 7:1
Tola,Tola,ໂທລາ,Judges 10:1
Jair,Jair,ຢາອີ,Judges 10:3
Jephthah,Jephthah,ເຢບເທ,Judges 11:1
Ibzan,Ibzan,ອິບຊານ,Judges 12:8
Elon,Elon,Elon,Judges 12:11
Abdon,Abdon,Abdon,Judges 12:13
Samson,Samson,ແຊມຊັນ,Judges 13:24
Samuel,Samuel,ຊາມູເອນ,1 Samuel 1:20
Saul,Saul,ໂຊໂລ,1 Samuel 9:2
David,David,ດາວິດ,1 Samuel 16:13
Solomon,Solomon,ຊາໂລໂມນ,1 Kings 2:1
Malachi,Malachi,ມາລາກີ,bible book
Ruth,Ruth,Ruth,bible book
Ezra,Ezra,ເອຊະຣາ,bible book
Nehemiah,Nehemiah,ເນເຫມີຢາ,bible book
Esther,Esther,ເອສເທີ,bible book
Job,Job,ວຽກ,bible book
moses3,Moses,ໂມເຊ,Exodus 2:10
joshua2,Joshua,ໂຢຊວຍ,Exodus 17:14
caleb2,Caleb,Caleb,Numbers 13:30
Augustus,Augustus,Augustus,Luke 2:1
Tiberius,Tiberius,ທິເບຣີສ,Luke 3:1
Claudius,Claudius,Claudius,Acts 11:28
persia2,Persia,ເປີເຊຍ,Esther 1:3
jehoiada,Jehoiada,ເຢໂຮຍອາດາ,2 Kings 11:4
Haggai,Haggai,ແຮກກີ,bible book
Zerubbabel,Zerubbabel (Luke 3:27),ເຊຣູ​ບາ​ເບນ (ລູກາ 3:27),Luke 3:27
Jacob2,Jacob/,ຢາໂຄບ/,Jacob/Israel 1858-1711 – 147 years
Israel,Israel,ອິດສະຣາເອນ,Genesis 35:10
Sarah,Sarah,ຊາຣາ,"2008-1881 BCE – 127 years, Isaiah 51:2"
Hagar,Hagar,ຮາກາ,Genesis 21:14
Haran,Haran,ຮາຣານ,Genesis 11:26
Reumah,Reumah,ຣູມາ,Genesis 22:24 Concubine – 4 sons
Milcah,Milcah,ມິນກາ,Genesis 22:20 - 8 sons (Bethuel and 7 more)
Lot,Lot,ຫຼາຍ,Genesis 11:27
Ammon,Ben-ammi (Ammon),ເບັນ-ອຳມີ (ອຳໂມນ),Genesis 19:38
Bethuel,Bethuel,ເບທູເອນ,Genesis 22:23
Rebekah,Rebekah,ເຣເບກາ,Genesis 22:23
Laban,Laban,ລາບານ,Genesis 24:29
Leah,Leah,ເລອາ,Genesis 35:23
Rachel,Rachel,ຣາເຊນ,Genesis 35:24
Bilhah,Bilhah,ບິນຮາ,Genesis 35:25
Zilpah,Zilpah,Zilpah,Genesis 35:26
Reuben,Reuben,ຣູເບັນ,Genesis 35:23
Simeon,Simeon,ຊີເມໂອນ,Genesis 35:23
Levi,Levi,ເລວີ,Genesis 35:23
Judah,Judah,ຢູດາ,Genesis 35:23
Issachar,Issachar,ອິດຊາຄາ,Genesis 35:23
Zebulun,Zebulun,ເຊບູລູນ,Genesis 35:23
Dinah,Dinah,ດີນາ,Genesis 34:1
Esau,Esau/,ເອຊາວ/,Genesis 36:1
Edom,Edom,ເອໂດມ,Genesis 36:1
Ishmael,Ishmael,ອິດຊະມາເອນ,Genesis 16:16
Manasseh2,(Manasseh,(ມານາເຊ,Genesis 41:51
Ephraim,and Ephraim),ແລະ Ephraim),Genesis 41:52
Benjamin,Benjamin,ເບັນຢາມິນ,Genesis 35:24
Dan,Dan,ແດນ,Genesis 35:25
Naphtali,Naphtali,ນາບທາລີ,Genesis 35:25
Gad,Gad,ກາດ,Genesis 35:26
Asher,Asher,ອາເຊີ,Genesis 35:26
Milcah1,"Uz, Buz, Kemuel,","Uz, Buz, Kemuel,",Genesis 22:21
Milcah2,"Chesed, Hazo,","Chesed, Hazo,",Genesis 22:22
Milcah3,"Pildash, Jidlaph","Pildash, Jidlaph",Genesis 22:22
Tebah,Tebah,ເຕບາ,Genesis 22:24
Gaham,Gaham,ກາຮາມ,Genesis 22:24
Tahash,Tahash,ທາຮາສ,Genesis 22:24
Maacah,Maacah,ມາອາກາ,Genesis 22:24
Mahalath,Mahalath/,ມະຫາລາດ/,"Genesis 28:8, 9"
Basemath,Basemath,ເບສມາດ,"Genesis 36:3, 4"
Reuel,Reuel,Reuel,"Genesis 36:13, 17"
Nahath,Nahath,ນາຮາດ,Genesis 36:13
Zerah,Zerah,ເຊຣາ,Genesis 36:13
Schammah,Schammah,ແຊມມາ,Genesis 36:13
Mizzah,Mizzah,ມິສຊາ,Genesis 36:13
Adah,Adah,ອາດາ,"Genesis 36:11, 12, 15, 16"
Eliphaz,Eliphaz,ເອລີຟາດ,Genesis 36:11
Teman,Teman,ເຕແມນ,Genesis 36:11
Omar,Omar,ໂອມາ,Genesis 36:11
Zepho,Zepho,ເຊໂຟ,Genesis 36:11
Kenaz,Kenaz,Kenaz,Genesis 36:11
Korah,Korah,ໂຄຣາ,Genesis 36:16
Korah_Gatam,"Korah, Gatam","ໂຄຣາ, ກາດມ","Genesis 36:11, 16"
Amalek,Amalek,ອາມາເລັກ,Genesis 36:12
Oholibamah,Oholibamah,ໂອໂຮລີບາມາ,"Genesis 36:14, 18"
Jeush,Jeush,ເຢຊ,Genesis 36:14
Jalam,Jalam,ຈາລາມ,Genesis 36:14
Nebaioth,Nebaioth,Nebaioth,Genesis 25:13
Kedar,Kedar,ເຄດາ,Genesis 25:13
Mishma,Mishma,ມິສມາ,Genesis 25:14
Adbeel_Mibsam,"Adbeel, Mibsam","Adbeel, Mibsam",Genesis 25:13
Dumah_Massa,"Dumah, Massa","Dumah, Massa",Genesis 25:14
Hadad,Hadad,ຮາດ,Genesis 25:15
Tema,Tema,ເທມາ,Genesis 25:15
Jetur,Jetur,Jetur,Genesis 25:15
Naphish,Naphish,ນາຟີຊ,Genesis 25:15
Kedemah,Kedemah,ເຄເດມາ,Genesis 25:15
Keturah,Keturah,Keturah,Genesis 25:1
Zimran,Zimran,ຊິມຣານ,Genesis 25:1
Jokshan,Jokshan,ໂຈຊານ,Genesis 25:1
Medan,Medan,ເມດານ,Genesis 25:1
Midian,Midian,ມີເດຍ,Genesis 25:1
Ishbak,Ishbak,Ishbak,Genesis 25:1
Shuah,Shuah,ຊູອາ,Genesis 25:1
Timna,Timna,ທິມນາ,"Genesis 36:12, 1 Chr 1:36"
life-expectancy2,(Psalm 90:10),(ຄຳເພງ 90:10),2024-11-29
Ham,Ham,Ham,Gen 10:1
Canaan,Canaan,ການາອານ,Gen 10:6
Sidon,Sidon,ຊີໂດນ,Gen 10:15
Heth,Heth,ເຮດ,Gen 10:15
Jebusite,Jebusite,Jebusite,Gen 10:16
Amorite,Amorite,Amorite,Gen 10:16
Girgashite,Girgashite,Girgashite,Gen 10:16
Hivite,Hivite,Hivite,Gen 10:17
Arkite,Arkite,Arkite,Gen 10:17
Sinite,Sinite,Sinite,Gen 10:17
Arvadite,Arvadite,Arvadite,Gen 10:18
Zemarite,Zemarite,ເຊມາຣີດ,Gen 10:18
Hamathite,Hamathite,ຮາມາທິ,Gen 10:18
Cush,Cush,Cush,Gen 10:6
Nimrod,Nimrod,ນິມຣອດ,Gen 10:8
Mizraim,Mizraim,Mizraim,Gen 10:14
Casluh,Casluh,Casluh,1 Chronicles 1:12 (Philistines)
Japheth,Japheth,ຢາເຟດ,Gen 10:1
Asshur,Asshur,ແອສເຊີ,Gen 10:22
Lud,Lud,ລູດ,Gen 10:22
Aram,Aram,ອາຣາມ,Gen 10:22
Elam,Elam,ເອລາມ,Gen 10:22
Joktan,Joktan,ໂຈຕັນ,Gen 10:26
Almodad,Almodad,Almodad,Gen 10:26
Sheleph,Sheleph,Sheleph,Gen 10:26
Hazarmareth,Hazarmareth,ຮາຊາມາເຣັດ,Gen 10:26
Jerah,Jerah,ເຢຣາ,Gen 10:26
Hadoram,Hadoram,ຮາໂດຣາມ,Gen 10:27
Uzal,Uzal,Uzal,Gen 10:27
Diklah_Obal,"Diklah, Obal","Diklah, Obal",Gen 10:27
Abimael,Abimael,ອາບີມາເອນ,Gen 10:28
Sheba_Ophir,"Sheba, Ophir","ເຊບາ, ໂອຟີ","Gen 10:28, 29"
Havilah,Havilah,ຮາວິລາ,Gen 10:29
Jobab,Jobab,ໂຢບັບ,Gen 10:29
Ham_fn,1) Egyptians: Psalms 105:23,1) ຊາວ​ເອຢິບ: ຄຳເພງ 105:23,2025-09-22
Canaan_fn,2) Canaanites: Joshua 13:3,2) ຊາວ​ການາອານ: ໂຢຊວຍ 13:3,2025-09-22
Aram_fn,3) Arameans: Hosea 12:12,3) ອາຣາມ: ໂຮເສອາ 12:12,2025-09-22
Elam_fn,4) Elamites: Ezra 4:9,4) ເອລາມີ: ເອຊະຣາ 4:9,2025-09-22
Asshur_fn,5) Assyrians: Ezekiel 27:23,5) ອັດຊີເຣຍ: ເອເຊກຽນ 27:23,2025-09-22
Casluh_fn,6) Philistines: 1 Chronicles 1:12,6) ຟີລິດສະຕິນ: 1 ຂ່າວຄາວ 1:12,2025-09-22
Cush_fn,7) Ethiopian [Cushite]: 2 Kings 19:9,7) ເອ​ທິ​ໂອ​ເປຍ [ກູ​ຊີ]: 2 ກະສັດ 19:9,2025-09-22
Edom_fn,8) Edomites: Numbers 20:14-17,8) ເອໂດມ: ຈົດເຊັນບັນຊີ 20:14-17,2025-09-22
Moab_fn,"9) Moabites: Deuteronomy 23:3, 4","9) ໂມອາບ: ພຣະບັນຍັດສອງ 23:3, 4",2025-09-22
Ammon_fn,10) Ammonites: Joshua 12:2,10) ຊາວ​ອຳໂມນ: ໂຢຊວຍ 12:2,2025-09-22
Midian_fn,"11) Midianites: Numbers 31:2, 3","11) ມີເດຍ: ຈົດເຊັນບັນຊີ 31:2, 3",2025-09-22
Amalek_fn,12) Amalekites: 1 Samuel 15:2,12) ຊາວ​ອາມາລີ: 1 ຊາມູເອນ 15:2,2025-09-22
Teman_fn,13) Temanites: Job 42:7,13) ຊາວ​ເຕມານ: ໂຢບ 42:7,2025-09-22
Sidon_fn,14) Sidonians: Zechariah 9:2,14) ຊີໂດເນຍ: ຊາກາຣີຢາ 9:2,2025-09-22
Heth_fn,15) Hittites: Genesis 15:20,15) ຊາວຮິດຕີ: ຕົ້ນເດີມ 15:20,2025-09-22
Jebusite_fn,16) Jebusites: Joshua 15:63,16) ເຢບຸດ: ໂຢຊວຍ 15:63,2025-09-22
Judith,Judith?,Judith?,"Genesis 26:34, 35"
Lud_fn,17) Lydians: 1 Chronicles 1:17,17) ລີດຽນ: 1 ຂ່າວຄາວ 1:17,"Jewish Antiquities, I, 143, 144 [vi, 4]"
Ishmael_fn,18) Ishmaelites: Genesis 37:27,18) ອິດຊະມາເອນ: ຕົ້ນເດີມ 37:27,2025-09-22
Amorite_fn,19) Amorites: Judges 6:10,19) ອາໂມຣີດ: ຜູ້ຕັດສິນ 6:10,2025-09-22
Hivite_fn,"20) Hivites [Gibeon]: Joshua 9:3, 7","20) ຮີວີ [ກີເບໂອນ]: ໂຢຊວຍ 9:3, 7",Gibeonites
Cain,Cain,ກາອິນ,"Genesis 4:1, son Enoch same name as other"
Abel,Abel,ອາເບວ,Genesis 4:2
Irad,Irad,ໄອຣາດ,Genesis 4:18
Mehujael,Mehujael,ເມຮູຢາເອນ,Genesis 4:18
Methushael,Methushael,ເມທູຊາເອນ,"Genesis 4:18, son Lamech same as other"
Jabal,Jabal,ຈາບານ,"Genesis 4:20 living in tents, have livestock"
Jubal,Jubal,Jubal,Genesis 4:21 play harp and pipe
Zillah,Zillah,Zillah,"Genesis 4:19, Adah is also a wife of Esau"
Tubal-cain,Tubal-cain,Tubal-cain,Genesis 4:22 tool of copper and iron
Naamah,Naamah,ນາອາມາ,Genesis 4:22 his sister
Rehoboam,Rehoboam,ເຣໂຮໂບອາມ,first king of southern kingdom of Juda
Abijah,Abijah (Abijam),ອາບີຢາ (ອາບີຢາ),"3 years, also Abijam"
Asa,Asa,ອາຊາ,A6-A
Jehoshaphat,Jehoshaphat,ໂຢຊາຟັດ, 
Jehoram2,Jehoram,ເຢໂຮຣາມ, 
Ahaziah,Ahaziah,ອາຮາຊີຢາ, 
Athaliah,Queen Athaliah,ພະລາຊິນີອາທາລີຢາ,Queen Athaliah
Jehoash,Jehoash,ໂຢອາດ, 
Amaziah,Amaziah,ອາມາຊີຢາ, 
Uzziah,Uzziah (Azariah),ອຸດຊີຢາ (ອາຊາຣີຢາ),also Azariah
Jeroboam,Jeroboam,ເຢໂຣໂບອາມ,first king of northern 10-tribe kingdom
Nadab,Nadab,ນາດາບ,less than 2
Baasha,Baasha,ບາຊາ, 
Elah,Elah,ເອລາ, 
Zimri,Zimri,ຊິມຣີ,Only 7 days in ca. 751 BCE
OmriTibni,Omri and Tibni together,Omri ແລະ Tibni ຮ່ວມກັນ,4 years Omri and Tibni
Omri,Omri (alone),ໂອມຣີ (ຄົນດຽວ),from 947 Omri alone
Ahab,Ahab,ອາຫັບ, 
Jehoram,Jehoram,ເຢໂຮຣາມ, 
Jehu,Jehu,ເຢຮູ, 
Jeoahaz,Jeoahaz,ໂຢອາຮາດ, 
JeoahazJehoash,Jeoahaz and Jehoash,ໂຢອາຮາດ ແລະໂຢອາດ,For 3 years Jeoahaz and Jeoash reigned together
Jehoash2,Jehoash (alone),ໂຢອາດ (ຜູ້ດຽວ),Jehoash (alone)
Jeroboam2,Jeroboam II,ເຢໂຣໂບອາມ II, 
Elijah,Elijah,ເອລີຢາ, 
Elisha,Elisha,ເອລີຊາ, 
Jonah,Jonah,ໂຢນາ, 
Amos,Amos,ອາໂມດ, 
Joel,Joel,ໂຢເອນ, 
Jotham,Jotham,ໂຢທາມ,A6-B
Ahaz,Ahaz,ອາຮາດ, 
Hezekiah,Hezekiah,ເອເຊເກຍເຊ, 
Manasseh,Manasseh,ມານາເຊ, 
Amon,Amon,ອາມອນ, 
Josiah,Josiah,ໂຢສີຢາ, 
Jehoahaz,Jehoahaz,ເຢໂຮອາຮາດ,Only 3 months
Jehoiakim,Jehoiakim,ເຢໂຮຍອາກິມ, 
Jehoiachin,Jehoiachin,ເຢໂຮຢາກິນ,Only 3 months 10 days
Zedekiah,Zedekiah,ເຊເດກີຢາ, 
Zechariah,Zechariah,ຊາກາຣີຢາ,"reign only recorded 6 months, probably only established 792 BCE"
Schallum,Schallum,Schallum,only one month
Menahem,Menahem,ເມນາເຮັມ, 
Pekahiah,Pekahiah,ເປກາຮີຢາ, 
Pekah,Pekah,ເປກາ, 
Hoshea,Hoshea,ໂຮເຊອາ,9 years from c. 748
Hosea,Hosea,ໂຮເຊອາ, 
Isaiah,Isaiah,ເອຊາຢາ, 
Micah,Micah,ມີກາ, 
Zephaniah,Zephaniah,ເຊຟານີຢາ, 
Nahum,Nahum,ນາຮູມ, 
Jeremiah,Jeremiah,ເຢເຣມີຢາ, 
Habakuk,Habakuk,ຮາບາກຸກ, 
Daniel,Daniel,ດານີເອນ, 
Ezekiel,Ezekiel,ເອເຊກຽນ, 
Obadiah,Obadiah,ໂອບາດີຢາ, 
Babylon,"Daniel 2:32, 36-38; 7:4","ດານີເອນ 2:32, 36-38; 7:4", 
Medopersia,"Daniel 2:32, 39; 7:5","ດານີເອນ 2:32, 39; 7:5", 
Greece,"Daniel 2:32, 39; 7:6","ດານີເອນ 2:32, 39; 7:6", 
Rome,"Daniel 2:33, 40; 7:7","ດານີເອນ 2:33, 40; 7:7", 
Angloamerica,"Daniel 2:33, 41-43","ດານີເອນ 2:33, 41-43", 
Babylon_c,Babylon,ບາບີໂລນ, 
Medopersia_c,Medo-Persia,ເມໂດ-ເປີເຊຍ, 
Greece_c,Greece,ປະເທດເກຣັກ, 
Rome_c,Rome,ໂລມ, 
Angloamerica_c,Anglo-America,Anglo-America, 
daniel2_1,King Nebuchadnezzar,ກະສັດເນບູກາດເນັດຊາ,607 BCE
daniel2_2,destroys Jerusalem,ທໍາລາຍເຢຣູຊາເລັມ,appendix B9
daniel2_3,Conquers Babylon,ເອົາຊະນະບາບີໂລນ,539 BCE
daniel2_4,Cyrus decrees return,ລັດຖະດຳລັດຂອງໄຊຣັດກັບຄືນມາ,537 BCE
daniel2_5,of Jews to Jerusalem,ຂອງ​ຊາວ​ຢິວ​ກັບ​ເຢ​ຣູ​ຊາ​ເລັມ​, 
daniel2_6,Alexander the Great,Alexander the Great,331 BCE
daniel2_7,conquers Persia,ເອົາ​ຊະ​ນະ Persia​, 
daniel2_8,Rules over Israel,ກົດ​ລະ​ບຽບ​ຂອງ​ອິດ​ສະ​ຣາ​ເອນ​,63 BCE
daniel2_9,Destroys Jerusalem,ທໍາລາຍເຢຣູຊາເລັມ,70 CE
daniel2_10,"During World War I,","ໃນລະຫວ່າງສົງຄາມໂລກຄັ້ງທີ 1,",1914-1918 CE
daniel2_11,Anglo-American World Power,ມະຫາອຳນາດໂລກອັງກິດ-ອາເມລິກາ, 
daniel2_12,comes into being,ມາເປັນ,End 4.2
607BCE,607 B.C.E.,607 ກ່ອນ ຄ.ສ.,accommodate for language
539BCE,539 B.C.E.,539 ກ່ອນ ຄ.ສ.,systems in style:
537BCE,537 B.C.E.,537 ກ່ອນ ຄ.ສ.,>>year 537 before time<<
331BCE,331 B.C.E.,331 ກ່ອນ ຄ.ສ.,so they need a word
63BCE,63 B.C.E.,63 ປີ ຄ.ສ.,prior to the year
70CE,70 C.E.,70 ຄ.ສ.,and something
1914CE,1914-1918 C.E.,1914-1918 ຄ.ສ.,after the year
7times,Revelation 12:9,ຄຳປາກົດ 12:9, 
infliction2,Acts 7:6,ກິດຈະການ 7:6, 
eastern-zhou,770-256 BC,770-256 ກ່ອນ ຄ.ສ, 
430years,1943 – 1513 B.C.E.,1943 – 1513 ກ່ອນ ຄ.ສ., 
eastern-han,25-220 CE,25-220 ສ.ສ, 
northern-dynasties,368-581 CE,368-581 ສ.ສ, 
southern-dynasties,420-589 CE,420-589 ສ.ສ, 
khmer_empire,804 – 1431,804 – 1431, 
byzantine_empire,330 – 1453,330 – 1453, 
ottoman_empire,1299 – 1922,1299 – 1922, 
holy_roman_empire,800 – 924,800 – 924, 
holy_roman_empire2,962 – 1806,962 – 1806,fixed 2024-12-31
inca_empire,1438 – 1533,1438 – 1533, 
gupta_empire,319 – 550,319–550, 
Umayyad,661 – 750,661–750, 
Abbasid,750 – 1258,750 – 1258, 
Mamluk,1250 – 1517,1250 – 1517, 
seljuk_empire,1037 – 1194,1037 – 1194,"Seljuk Empire 1037-1194, part of Seljuk dynasty 1037-1308"
lombard,568 – 774,568 – 774,Kingdom of the Lombards 568-774
qing-dynasty,1636-1912,1636-1912, 
ming-dynasty,1368-1644,1368-1644, 
yuan-dynasty,1271-1368,1271-1368, 
southern-song,1127-1279,1127-1279, 
northern-song,960-1127,960-1127, 
western-xia,1038-1227,1038-1227, 
maya_classic,250–950,250–950, 
maya_postclassic,950-1539,950-1539, 
tran_dynasty,1225–1400,1225–1400, 
le_dynasty,1428–1527,1428–1527,triều Lê sơ or Vietnamese: nhà Lê sơ
revival_le_dynasty,1533-1789,1533-1789, 
nguyen_dynasty,1802 – 1883,1802 – 1883, 
edo,1603 – 1868,1603 – 1868, 
meiji,1868 – 1912,1868 – 1912, 
Julius,Julius,Julius, 
Caligula,Caligula,Caligula, 
Nero,Nero,ເນໂຣ, 
Galba-Otho-Vitellius,"Galba, Otho and Vitellius (Year of the Four Emperors)","Galba, Otho ແລະ Vitellius (ປີຂອງສີ່ Emperors)", 
Vespasian,Vespasian,ວີສະປາຊຽນ, 
covid19,Covid-19,COVID-19, 
nicaea1,First Council of Nicaea,ສະພາທໍາອິດຂອງ Nicaea, 
oxyrhynchus,Oxyrhynchus Papyri,Oxyrhynchus Papyri, 
p52,Papyrus P52,Papyrus P52, 
qing-dynasty_c,Qing dynasty,ລາຊະວົງຊິງ,1636-1912
ming-dynasty_c,Ming dynasty in imperial China,ລາຊະວົງ Ming ໃນຈັກກະພັດຈີນ,1368-1644
yuan-dynasty_c,Yuan,ຢວນ,1271-1368
southern-song_c,Southern Song,ເພງພາກໃຕ້,1127-1279
northern-song_c,Northern Song,ເພງພາກເຫນືອ,960-1127
western-xia_c,Western Xia,ຕາເວັນຕົກ Xia,1038-1227
Copernicus,Nicolaus Copernicus,Nicolaus Copernicus, 
Galileo,Galileo Galilei,ກາລິເລໂອ ຄາລີເລ,Galileo di Vincenzo Bonaiuti de' Galilei
Newton,Isaac Newton,ອີຊາກ ນິວຕັນ, 
shang-dynasty_c,Shang dynasty,ລາຊະວົງຊາງ,c. 1600-1046 BC
western-zhou_c,Western Zhou,ຕາເວັນຕົກ Zhou,c. 1046-771 BC
eastern-zhou_c,Eastern Zhou,Zhou ຕາ​ເວັນ​ອອກ​,770-256 BC
western-han_c,Western Han,ຕາເວັນຕົກ Han,207 BC – 9 CE
eastern-han_c,Eastern Han,ຕາເວັນອອກ Han,25-220 CE
three-kingdoms_c,China,ຈີນ,Three kingdoms 220-280 CE
sixteen-kingdoms_c,China,ຈີນ,Sixteen kingdoms 304-439 CE
northern-dynasties_c,Northern dynasties,ລາຊະວົງເໜືອ,368-581 CE
southern-dynasties_c,Southern dynasties,ລາຊະວົງໃຕ້,420-589 CE
tang-dynasty2_c,Tang dynasty,ລາຊະວົງ Tang,"618-690, 705-907"
byzantine_empire_c,Byzantine Empire,ອານາຈັກ Byzantine,330–1453 
ottoman_empire_c,Ottoman Empire,ອານາຈັກ Ottoman,1299–1922
Genghis,Genghis Khan,Genghis Khan,c. 1162 – August 1227
inca_empire_c,Inca empire,ອານາຈັກ Inca, 
gupta_empire_c,Gupta Empire,ຈັກກະພັດ Gupta, 
Teotihuacan_c,Teotihuacan,Teotihuacan, 
Abbasid_c,Abbasid Caliphate,Abbasid Caliphate, 
Mamluk_c,Mamluk Sultanate,ມຳລັກ ສຸນທານີ, 
Al-Ghazali,Al-Ghazali,Al-Ghazali,2024-07-30
wulfila,Wulfila Bible,Wulfila ພະຄໍາພີ,2025-09-20
tran_dynasty_c,Trần dynasty,ລາຊະວົງ ເຈີ່ນ,1225–1400
le_dynasty_c,Lê dynasty,ລາຊະວົງ ເລ,1428-1527
revival_le_dynasty_c,Trịnh lords and Nguyễn lords,ເຈົ້ານາຍ Trunh ແລະເຈົ້ານາຍ Nguyễn,"Nhà Lê trung hưng, Revival Lê dynasty 1533–1789 "
seljuk_empire_c,Seljuk empire,ອານາຈັກເຊລຈູກ, 
vandals_c,Vandals,Vandals, 
lombard_c,Lombard Kingdom,ອານາຈັກ Lombard,2025-10-13
people,people,ຄົນ, 
judges,judges,ຜູ້ພິພາກສາ, 
prophets,prophets,ສາດສະດາ, 
kings,kings,ກະສັດ, 
periods,periods,ໄລຍະເວລາ, 
events,events,ເຫດການ, 
objects,objects or items,ວັດຖຸ ຫຼືສິ່ງຂອງ, 
event_destruction_samaria2,740 B.C.E. by Assyria,740 ກ່ອນ ຄ.ສ. ໂດຍ ອັດ ຊີ ເຣຍ,was shortened here for 2 lines
photodrama,"The “Photo-Drama of Creation” is first shown in New York on January 11, 1914",“ຮູບ​ເງົາ​ແຫ່ງ​ການ​ສ້າງ” ຖືກ​ສະ​ແດງ​ຄັ້ງ​ທຳ​ອິດ​ຢູ່​ນິວຢອກ​ໃນ​ວັນ​ທີ 11 ມັງ​ກອນ 1914., 
truth_book,The book “The Truth That Leads to Eternal Life” is released 1968,ປຶ້ມ “ຄວາມ​ຈິງ​ທີ່​ນຳ​ໄປ​ສູ່​ຊີ​ວິດ​ນິ​ລັນ​ດອນ” ອອກ​ມາ​ໃນ​ປີ 1968, 
jw_broadcasting,Start of JW Broadcasting® in October 2014,ເລີ່ມ JW Broadcasting® ໃນເດືອນຕຸລາ 2014, 
meeting_workbook,New format of midweek meeting with “Meeting Workbook” starting January 2016,ຮູບແບບໃໝ່ຂອງການປະຊຸມກາງອາທິດດ້ວຍ “ປື້ມບັນທຶກການປະຊຸມ” ເລີ່ມແຕ່ເດືອນມັງກອນ 2016, 
terahfam,Members of Terah’s family,ສະມາຊິກຂອງຄອບຄົວຂອງ Terah, 
metropolitan,Start of metropolitan witnessing in 2011,ການ​ເລີ່ມ​ຕົ້ນ​ຂອງ​ການ​ເປັນ​ພະ​ຍານ​ໃນ​ນະ​ຄອນ​ໃນ​ປີ 2011​, 
jw_org,Start of JW.ORG with instructions in Kingdom Ministry December 2012,ເລີ່ມ​ຕົ້ນ​ຈາກ JW.ORG ໂດຍ​ມີ​ຄຳ​ແນະນຳ​ໃນ​ການ​ປະກາດ​ໃນ​ເດືອນ​ທັນວາ 2012, 
Babylon2, , ,no text left and right – empty!
daniel2_shift,0,0,Start 4.2
Gatam,Gatam,Gatam,Genesis 36:11
Adbeel,Adbeel,Adbeel,Genesis 25:13
Mibsam,Mibsam,ມິບຊຳ,Genesis 25:13
Dumah,Dumah,ດູມາ,Genesis 25:14
Massa,Massa,Massa,Genesis 25:14
tang-dynasty1, , , 
xia-dynasty,Xia dynasty in China c. 2070 – c. 1600 BC,ລາຊະວົງ Xia ໃນປະເທດຈີນ ຄ. 2070 – ຄ. 1600 BC, 
Midianites,"1) Midianites: Numbers 31:2, 3","1) ມີເດຍ: ຈົດເຊັນບັນຊີ 31:2, 3", 
Moabites,"2) Moabites: Deuteronomy 23:3, 4","2) ໂມອາບ: ພຣະບັນຍັດສອງ 23:3, 4", 
Ammonites,3) Ammonites: Joshua 12:2,3) ອຳໂມນ: ໂຢຊວຍ 12:2, 
Edomites,4) Edomites: Numbers 20:14-17,4) ເອໂດມ: ຈົດເຊັນບັນຊີ 20:14-17, 
Temanites,5) Temanites: Job 42:7,5) ຊາວ​ເຕມານ: ໂຢບ 42:7, 
Amalekites,6) Amalekites: 1 Samuel 15:2,6) ຊາວ​ອາມາລີ: 1 ຊາມູເອນ 15:2,2024-09-29
king_south_light, , ,2025-02-05
king_north_light, , ,2025-02-05
daniel2_iron, , ,2025-02-05
timeline_created,"This timeline is created in 2023, the hottest year in human history and the last 125,000 years","ໄລຍະເວລານີ້ຖືກສ້າງຂື້ນໃນປີ 2023 ເຊິ່ງເປັນປີທີ່ຮ້ອນທີ່ສຸດໃນປະຫວັດສາດຂອງມະນຸດ ແລະ 125,000 ປີຜ່ານມາ.",2026-06-07
